Filename,Label,predictions,probabilities
./images/bcc/image6758.JPG,bcc,bcc,0.4049
./images/nv/image4599.JPG,nv,nv,0.9981
./images/nv/image6470.JPG,nv,nv,0.9939
./images/bkl/image6011.JPG,bkl,nv,0.3947
./images/nv/image9272.JPG,nv,nv,0.8715
./images/nv/image9305.JPG,nv,nv,0.3936
./images/bcc/image4348.JPG,bcc,nv,0.4275
./images/nv/image6265.JPG,nv,nv,0.9985
./images/df/image9555.JPG,df,nv,0.5646
./images/mel/image9339.JPG,mel,nv,0.5538
./images/nv/image8314.JPG,nv,bcc,0.477
./images/nv/image3341.JPG,nv,nv,0.9978
./images/nv/image3699.JPG,nv,nv,0.9973
./images/nv/image2932.JPG,nv,bkl,0.53
./images/nv/image7614.JPG,nv,nv,0.861
./images/mel/image8768.JPG,mel,nv,0.4402
./images/mel/image4867.JPG,mel,bkl,0.377
./images/nv/image3156.JPG,nv,nv,0.9471
./images/nv/image2258.JPG,nv,nv,0.9997
./images/nv/image4133.JPG,nv,nv,0.8586
./images/mel/image6384.JPG,mel,nv,0.4832
./images/nv/image4315.JPG,nv,nv,0.9603
./images/nv/image4622.JPG,nv,nv,0.9973
./images/nv/image709.JPG,nv,nv,0.9658
./images/bcc/image9950.JPG,bcc,nv,0.8579
./images/nv/image4619.JPG,nv,nv,0.9903
./images/mel/image9306.JPG,mel,nv,0.5258
./images/nv/image6249.JPG,nv,nv,0.9996
./images/nv/image4148.JPG,nv,nv,0.7544
./images/nv/image9980.JPG,nv,nv,0.5199
./images/mel/image5265.JPG,mel,nv,0.9507
./images/nv/image6218.JPG,nv,nv,0.9986
./images/nv/image2327.JPG,nv,nv,0.9686
./images/nv/image8455.JPG,nv,nv,0.9804
./images/nv/image7323.JPG,nv,nv,0.9989
./images/bcc/image9971.JPG,bcc,bcc,0.3547
./images/akiec/image4354.JPG,akiec,bcc,0.33
./images/nv/image9704.JPG,nv,nv,0.9318
./images/mel/image593.JPG,mel,nv,0.9408
./images/nv/image8359.JPG,nv,nv,0.8734
./images/nv/image3950.JPG,nv,mel,0.3773
./images/nv/image6419.JPG,nv,nv,0.9753
./images/nv/image9658.JPG,nv,nv,0.9485
./images/nv/image1685.JPG,nv,nv,0.349
./images/nv/image8621.JPG,nv,nv,0.6824
./images/nv/image7366.JPG,nv,nv,0.3224
./images/mel/image2604.JPG,mel,nv,0.91
./images/nv/image9042.JPG,nv,nv,0.9215
./images/nv/image1547.JPG,nv,nv,0.993
./images/nv/image3127.JPG,nv,nv,0.8877
./images/mel/image8969.JPG,mel,mel,0.5722
./images/mel/image8933.JPG,mel,bkl,0.7359
./images/bkl/image9248.JPG,bkl,bkl,0.5443
./images/nv/image094.JPG,nv,nv,0.9951
./images/nv/image915.JPG,nv,nv,0.9995
./images/nv/image7883.JPG,nv,nv,0.9988
./images/nv/image558.JPG,nv,nv,0.9993
./images/nv/image3443.JPG,nv,nv,0.8733
./images/nv/image6883.JPG,nv,nv,0.9899
./images/nv/image3752.JPG,nv,nv,0.4332
./images/nv/image7178.JPG,nv,nv,0.5009
./images/nv/image7528.JPG,nv,nv,0.3407
./images/nv/image1236.JPG,nv,nv,0.8752
./images/mel/image8650.JPG,mel,nv,0.8059
./images/akiec/image764.JPG,akiec,nv,0.6369
./images/bkl/image8338.JPG,bkl,nv,0.8854
./images/bcc/image5892.JPG,bcc,bcc,0.4377
./images/nv/image017.JPG,nv,nv,0.9625
./images/nv/image231.JPG,nv,nv,0.9942
./images/mel/image4021.JPG,mel,nv,0.8251
./images/nv/image7778.JPG,nv,nv,0.9989
./images/nv/image2871.JPG,nv,nv,0.9976
./images/vasc/image9909.JPG,vasc,akiec,0.2694
./images/nv/image5844.JPG,nv,nv,0.9978
./images/bkl/image9916.JPG,bkl,nv,0.4609
./images/mel/image9423.JPG,mel,nv,0.4636
./images/mel/image8631.JPG,mel,nv,0.5588
./images/nv/image7282.JPG,nv,nv,0.99
./images/bkl/image1126.JPG,bkl,nv,0.5522
./images/mel/image9780.JPG,mel,nv,0.7478
./images/nv/image4760.JPG,nv,nv,0.9916
./images/df/image4872.JPG,df,nv,0.6731
./images/nv/image9401.JPG,nv,nv,0.8564
./images/vasc/image3258.JPG,vasc,nv,0.2749
./images/nv/image8747.JPG,nv,nv,0.9099
./images/vasc/image944.JPG,vasc,nv,0.3992
./images/nv/image7426.JPG,nv,nv,0.9998
./images/nv/image7134.JPG,nv,nv,0.9857
./images/mel/image9168.JPG,mel,bcc,0.3239
./images/nv/image1770.JPG,nv,nv,0.9967
./images/nv/image1817.JPG,nv,nv,0.9755
./images/nv/image5820.JPG,nv,nv,0.6622
./images/bkl/image3989.JPG,bkl,bkl,0.3816
./images/nv/image9645.JPG,nv,nv,0.9436
./images/nv/image1064.JPG,nv,nv,0.9975
./images/nv/image2744.JPG,nv,nv,0.978
./images/nv/image5613.JPG,nv,nv,0.408
./images/nv/image7876.JPG,nv,nv,0.9063
./images/nv/image7663.JPG,nv,nv,0.9967
./images/nv/image4195.JPG,nv,nv,0.8968
./images/nv/image6770.JPG,nv,nv,0.9915
./images/nv/image9366.JPG,nv,nv,0.5697
./images/akiec/image4762.JPG,akiec,akiec,0.3035
./images/mel/image8312.JPG,mel,mel,0.4562
./images/nv/image4096.JPG,nv,nv,0.9833
./images/nv/image8290.JPG,nv,nv,0.7517
./images/df/image918.JPG,df,akiec,0.4
./images/nv/image2007.JPG,nv,nv,0.9993
./images/nv/image3353.JPG,nv,nv,0.8836
./images/nv/image3079.JPG,nv,nv,0.8311
./images/mel/image3533.JPG,mel,nv,0.8827
./images/df/image5939.JPG,df,bcc,0.613
./images/nv/image9824.JPG,nv,nv,0.9403
./images/nv/image2113.JPG,nv,nv,0.9991
./images/vasc/image7041.JPG,vasc,bcc,0.3324
./images/nv/image6631.JPG,nv,nv,0.9881
./images/bkl/image2339.JPG,bkl,bkl,0.4087
./images/bkl/image1165.JPG,bkl,bkl,0.7776
./images/nv/image6768.JPG,nv,nv,0.9996
./images/nv/image1752.JPG,nv,nv,0.7081
./images/nv/image7075.JPG,nv,nv,0.7854
./images/mel/image8612.JPG,mel,nv,0.5443
./images/nv/image7660.JPG,nv,nv,0.6011
./images/nv/image5907.JPG,nv,nv,0.9728
./images/nv/image6535.JPG,nv,nv,0.6978
./images/nv/image7936.JPG,nv,nv,0.9988
./images/nv/image8402.JPG,nv,nv,0.6878
./images/nv/image633.JPG,nv,bkl,0.3669
./images/nv/image310.JPG,nv,nv,0.9199
./images/nv/image6421.JPG,nv,nv,0.9972
./images/bkl/image9846.JPG,bkl,nv,0.8266
./images/nv/image9040.JPG,nv,nv,0.9318
./images/nv/image829.JPG,nv,nv,0.7261
./images/bcc/image9742.JPG,bcc,bkl,0.3134
./images/akiec/image6814.JPG,akiec,bkl,0.2917
./images/mel/image7915.JPG,mel,nv,0.7714
./images/nv/image4582.JPG,nv,nv,0.903
./images/mel/image8912.JPG,mel,mel,0.4963
./images/nv/image1431.JPG,nv,nv,0.9924
./images/bkl/image1262.JPG,bkl,bkl,0.7085
./images/bkl/image9282.JPG,bkl,nv,0.7607
./images/bkl/image5813.JPG,bkl,bcc,0.5345
./images/nv/image9714.JPG,nv,nv,0.9682
./images/nv/image5276.JPG,nv,nv,0.7268
./images/mel/image5347.JPG,mel,nv,0.3428
./images/nv/image5235.JPG,nv,nv,0.9717
./images/mel/image6061.JPG,mel,nv,0.9679
./images/nv/image2503.JPG,nv,nv,0.9974
./images/nv/image3765.JPG,nv,nv,0.9947
./images/nv/image4398.JPG,nv,nv,0.9976
./images/bkl/image604.JPG,bkl,nv,0.6858
./images/nv/image2695.JPG,nv,nv,0.9979
./images/mel/image3781.JPG,mel,bcc,0.3869
./images/nv/image3458.JPG,nv,nv,0.9992
./images/mel/image1963.JPG,mel,mel,0.5515
./images/mel/image8873.JPG,mel,nv,0.6573
./images/nv/image5309.JPG,nv,nv,0.8633
./images/mel/image9695.JPG,mel,nv,0.6125
./images/nv/image9344.JPG,nv,nv,0.8878
./images/nv/image7258.JPG,nv,bkl,0.3816
./images/nv/image3213.JPG,nv,nv,0.9982
./images/vasc/image2905.JPG,vasc,nv,0.6723
./images/mel/image8067.JPG,mel,mel,0.327
./images/nv/image2872.JPG,nv,nv,0.994
./images/nv/image4644.JPG,nv,nv,0.9887
./images/bcc/image8436.JPG,bcc,bkl,0.4896
./images/nv/image6781.JPG,nv,nv,0.9948
./images/nv/image1534.JPG,nv,nv,0.9954
./images/bkl/image7546.JPG,bkl,mel,0.4204
./images/mel/image8333.JPG,mel,nv,0.552
./images/nv/image1589.JPG,nv,nv,0.9002
./images/df/image1675.JPG,df,nv,0.9975
./images/nv/image2053.JPG,nv,nv,0.5592
./images/nv/image871.JPG,nv,nv,0.6037
./images/nv/image2087.JPG,nv,nv,0.9941
./images/bkl/image4908.JPG,bkl,bkl,0.4819
./images/nv/image9513.JPG,nv,nv,0.8613
./images/nv/image8693.JPG,nv,nv,0.9664
./images/nv/image2344.JPG,nv,nv,0.9982
./images/nv/image7491.JPG,nv,nv,0.3419
./images/akiec/image1122.JPG,akiec,akiec,0.5347
./images/bkl/image6453.JPG,bkl,bkl,0.7801
./images/nv/image7508.JPG,nv,nv,0.6967
./images/bcc/image4730.JPG,bcc,bkl,0.6028
./images/nv/image2343.JPG,nv,nv,0.9946
./images/nv/image6769.JPG,nv,nv,0.7475
./images/akiec/image5057.JPG,akiec,bcc,0.5242
./images/nv/image2119.JPG,nv,nv,0.8547
./images/mel/image9970.JPG,mel,mel,0.5416
./images/nv/image5144.JPG,nv,nv,0.9998
./images/bkl/image5473.JPG,bkl,nv,0.5436
./images/nv/image2901.JPG,nv,nv,0.9982
./images/nv/image4766.JPG,nv,nv,0.9766
./images/nv/image5663.JPG,nv,nv,0.8943
./images/nv/image950.JPG,nv,nv,0.991
./images/df/image2168.JPG,df,bcc,0.2917
./images/bcc/image3808.JPG,bcc,bkl,0.3391
./images/nv/image7100.JPG,nv,nv,0.9979
./images/nv/image887.JPG,nv,nv,0.9982
./images/nv/image155.JPG,nv,nv,0.9972
./images/nv/image2451.JPG,nv,nv,0.784
./images/nv/image1228.JPG,nv,nv,0.8696
./images/nv/image9770.JPG,nv,nv,0.9202
./images/nv/image6215.JPG,nv,nv,0.8621
./images/nv/image4894.JPG,nv,nv,0.4306
./images/nv/image3237.JPG,nv,nv,0.9968
./images/nv/image690.JPG,nv,nv,0.8304
./images/nv/image687.JPG,nv,nv,0.994
./images/akiec/image7387.JPG,akiec,bkl,0.5048
./images/nv/image6714.JPG,nv,nv,0.922
./images/akiec/image5476.JPG,akiec,akiec,0.3578
./images/bkl/image7735.JPG,bkl,nv,0.3232
./images/df/image5710.JPG,df,bkl,0.388
./images/nv/image9048.JPG,nv,nv,0.5319
./images/bkl/image7806.JPG,bkl,bkl,0.3426
./images/mel/image374.JPG,mel,mel,0.4806
./images/nv/image5133.JPG,nv,mel,0.3411
./images/nv/image461.JPG,nv,nv,0.9983
./images/nv/image4923.JPG,nv,nv,0.9687
./images/nv/image6313.JPG,nv,nv,0.7475
./images/akiec/image2998.JPG,akiec,mel,0.7981
./images/nv/image5773.JPG,nv,nv,0.9923
./images/nv/image7495.JPG,nv,nv,0.9677
./images/nv/image4446.JPG,nv,nv,0.9068
./images/mel/image010.JPG,mel,nv,0.5725
./images/nv/image7373.JPG,nv,nv,0.4554
./images/nv/image9256.JPG,nv,nv,0.9661
./images/bkl/image3664.JPG,bkl,nv,0.6551
./images/nv/image7800.JPG,nv,nv,0.9955
./images/nv/image4713.JPG,nv,nv,0.6355
./images/nv/image9708.JPG,nv,nv,0.8692
./images/nv/image4043.JPG,nv,nv,0.9986
./images/vasc/image442.JPG,vasc,nv,0.5375
./images/bkl/image8151.JPG,bkl,nv,0.3965
./images/bkl/image5220.JPG,bkl,akiec,0.3655
./images/bkl/image759.JPG,bkl,nv,0.8739
./images/nv/image8302.JPG,nv,nv,0.8579
./images/nv/image8111.JPG,nv,nv,0.9888
./images/nv/image7631.JPG,nv,nv,0.9786
./images/nv/image4533.JPG,nv,nv,0.9952
./images/nv/image1588.JPG,nv,nv,0.8954
./images/nv/image9452.JPG,nv,nv,0.8645
./images/bcc/image2038.JPG,bcc,bcc,0.4937
./images/nv/image7431.JPG,nv,nv,0.9963
./images/nv/image8401.JPG,nv,nv,0.8997
./images/nv/image3727.JPG,nv,nv,0.8619
./images/bkl/image6544.JPG,bkl,bkl,0.4005
./images/nv/image8114.JPG,nv,nv,0.7195
./images/vasc/image5437.JPG,vasc,nv,0.75
./images/mel/image5208.JPG,mel,bkl,0.5189
./images/nv/image3890.JPG,nv,nv,0.9002
./images/nv/image5834.JPG,nv,nv,0.8314
./images/akiec/image3771.JPG,akiec,bkl,0.4549
./images/nv/image8424.JPG,nv,nv,0.6718
./images/nv/image2005.JPG,nv,nv,0.9974
./images/nv/image5769.JPG,nv,nv,0.9932
./images/nv/image4111.JPG,nv,nv,0.9975
./images/nv/image872.JPG,nv,nv,0.8465
./images/nv/image5227.JPG,nv,nv,0.9987
./images/bkl/image6876.JPG,bkl,nv,0.2821
./images/nv/image8685.JPG,nv,nv,0.8659
./images/bkl/image4250.JPG,bkl,nv,0.5004
./images/nv/image355.JPG,nv,nv,0.9966
./images/mel/image3728.JPG,mel,nv,0.6445
./images/nv/image3026.JPG,nv,nv,0.9995
./images/nv/image8821.JPG,nv,nv,0.8976
./images/vasc/image401.JPG,vasc,nv,0.4778
./images/nv/image1429.JPG,nv,mel,0.81
./images/nv/image6552.JPG,nv,nv,0.9989
./images/mel/image8849.JPG,mel,nv,0.7588
./images/nv/image9656.JPG,nv,nv,0.9517
./images/df/image3293.JPG,df,nv,0.9585
./images/nv/image8727.JPG,nv,nv,0.9833
./images/bkl/image1993.JPG,bkl,bkl,0.732
./images/nv/image8318.JPG,nv,nv,0.8965
./images/nv/image4579.JPG,nv,nv,0.4553
./images/nv/image2054.JPG,nv,nv,0.9565
./images/nv/image8476.JPG,nv,nv,0.9848
./images/bcc/image7222.JPG,bcc,bcc,0.6488
./images/nv/image6375.JPG,nv,nv,0.9327
./images/nv/image042.JPG,nv,nv,0.9907
./images/mel/image559.JPG,mel,mel,0.5042
./images/df/image6966.JPG,df,akiec,0.3274
./images/mel/image8935.JPG,mel,nv,0.5304
./images/mel/image3311.JPG,mel,mel,0.4851
./images/nv/image3219.JPG,nv,nv,0.9987
./images/nv/image6546.JPG,nv,nv,0.9383
./images/nv/image5154.JPG,nv,nv,0.6729
./images/bcc/image714.JPG,bcc,bcc,0.3281
./images/nv/image6505.JPG,nv,bcc,0.3627
./images/bkl/image4144.JPG,bkl,bkl,0.5582
./images/nv/image2547.JPG,nv,nv,0.9048
./images/nv/image5723.JPG,nv,nv,0.9989
./images/bkl/image7223.JPG,bkl,bkl,0.4271
./images/nv/image4325.JPG,nv,nv,0.999
./images/mel/image5346.JPG,mel,mel,0.5336
./images/akiec/image1475.JPG,akiec,mel,0.401
./images/nv/image5039.JPG,nv,nv,0.8697
./images/akiec/image4738.JPG,akiec,bcc,0.5557
./images/nv/image6488.JPG,nv,nv,0.7045
./images/bcc/image4024.JPG,bcc,bcc,0.4681
./images/nv/image4964.JPG,nv,nv,0.9313
./images/nv/image6862.JPG,nv,nv,0.984
./images/nv/image3072.JPG,nv,nv,0.9921
./images/nv/image1790.JPG,nv,nv,0.9987
./images/nv/image020.JPG,nv,nv,0.9994
./images/bkl/image7040.JPG,bkl,bcc,0.3318
./images/nv/image2080.JPG,nv,nv,0.9863
./images/mel/image3595.JPG,mel,nv,0.7636
./images/nv/image3446.JPG,nv,nv,0.7273
./images/nv/image1416.JPG,nv,nv,0.9864
./images/nv/image4289.JPG,nv,nv,1.0
./images/nv/image6604.JPG,nv,nv,0.8814
./images/nv/image7730.JPG,nv,nv,0.5678
./images/bcc/image7841.JPG,bcc,bcc,0.4926
./images/nv/image962.JPG,nv,nv,0.8395
./images/nv/image6664.JPG,nv,nv,0.9479
./images/nv/image1846.JPG,nv,nv,0.8313
./images/nv/image1565.JPG,nv,nv,0.8343
./images/nv/image1164.JPG,nv,nv,0.5076
./images/nv/image1522.JPG,nv,nv,0.9966
./images/nv/image6737.JPG,nv,nv,0.9065
./images/vasc/image8240.JPG,vasc,nv,0.7204
./images/nv/image1445.JPG,nv,nv,0.9933
./images/nv/image4169.JPG,nv,nv,0.9989
./images/nv/image3424.JPG,nv,nv,0.7015
./images/mel/image8582.JPG,mel,nv,0.8644
./images/nv/image2058.JPG,nv,nv,0.9995
./images/nv/image7599.JPG,nv,nv,0.7258
./images/mel/image8995.JPG,mel,nv,0.7138
./images/bkl/image7682.JPG,bkl,bkl,0.3983
./images/bcc/image6223.JPG,bcc,bcc,0.5093
./images/nv/image9685.JPG,nv,bkl,0.5759
./images/nv/image7552.JPG,nv,nv,0.706
./images/bcc/image4045.JPG,bcc,bcc,0.4546
./images/bcc/image7309.JPG,bcc,bkl,0.5871
./images/nv/image6877.JPG,nv,nv,0.9995
./images/bkl/image2332.JPG,bkl,nv,0.6073
./images/nv/image6701.JPG,nv,nv,0.9974
./images/mel/image2866.JPG,mel,nv,0.8157
./images/nv/image6550.JPG,nv,nv,0.9966
./images/nv/image4499.JPG,nv,mel,0.4683
./images/nv/image476.JPG,nv,nv,0.966
./images/nv/image8802.JPG,nv,nv,0.6369
./images/nv/image9011.JPG,nv,nv,0.9918
./images/nv/image4995.JPG,nv,nv,0.9835
./images/nv/image6458.JPG,nv,nv,0.9781
./images/bcc/image7423.JPG,bcc,bcc,0.539
./images/mel/image3315.JPG,mel,nv,0.9204
./images/nv/image7445.JPG,nv,nv,0.321
./images/df/image2166.JPG,df,nv,0.375
./images/nv/image2110.JPG,nv,nv,0.9991
./images/mel/image9857.JPG,mel,nv,0.4687
./images/nv/image7954.JPG,nv,nv,0.9997
./images/nv/image1777.JPG,nv,nv,0.9804
./images/nv/image2061.JPG,nv,nv,0.9911
./images/nv/image804.JPG,nv,nv,0.9985
./images/mel/image1306.JPG,mel,nv,0.7572
./images/nv/image2357.JPG,nv,nv,0.9962
./images/nv/image3036.JPG,nv,nv,0.9988
./images/nv/image4102.JPG,nv,nv,0.9983
./images/bcc/image8009.JPG,bcc,bcc,0.4678
./images/bcc/image3730.JPG,bcc,nv,0.5642
./images/nv/image9021.JPG,nv,nv,0.7428
./images/nv/image5645.JPG,nv,nv,0.9994
./images/mel/image9717.JPG,mel,nv,0.4783
./images/nv/image7254.JPG,nv,nv,0.8388
./images/nv/image072.JPG,nv,nv,0.9503
./images/akiec/image341.JPG,akiec,akiec,0.4113
./images/nv/image2180.JPG,nv,nv,0.9989
./images/nv/image4770.JPG,nv,nv,0.8686
./images/mel/image6247.JPG,mel,nv,0.4959
./images/mel/image9633.JPG,mel,nv,0.7912
./images/mel/image9694.JPG,mel,mel,0.4786
./images/nv/image3706.JPG,nv,nv,0.9828
./images/nv/image2987.JPG,nv,nv,0.9838
./images/nv/image2620.JPG,nv,nv,0.9992
./images/mel/image6605.JPG,mel,bkl,0.2427
./images/nv/image596.JPG,nv,nv,0.9985
./images/nv/image5640.JPG,nv,nv,0.4488
./images/bkl/image9682.JPG,bkl,bkl,0.8226
./images/bkl/image4521.JPG,bkl,bkl,0.235
./images/mel/image4708.JPG,mel,nv,0.8392
./images/bkl/image8537.JPG,bkl,bkl,0.3505
./images/nv/image1366.JPG,nv,nv,0.7782
./images/nv/image7649.JPG,nv,nv,0.9996
./images/nv/image4062.JPG,nv,nv,0.9853
./images/nv/image4059.JPG,nv,nv,0.603
./images/nv/image9510.JPG,nv,nv,0.9079
./images/nv/image8922.JPG,nv,nv,0.8181
./images/bkl/image3918.JPG,bkl,bkl,0.4818
./images/nv/image8139.JPG,nv,nv,0.6687
./images/nv/image1950.JPG,nv,nv,0.4103
./images/bkl/image8420.JPG,bkl,bkl,0.4051
./images/nv/image4641.JPG,nv,nv,0.9995
./images/nv/image655.JPG,nv,nv,0.9799
./images/vasc/image2185.JPG,vasc,nv,0.5085
./images/bkl/image6956.JPG,bkl,bcc,0.3769
./images/nv/image6352.JPG,nv,nv,0.9843
./images/nv/image5230.JPG,nv,nv,0.9796
./images/nv/image8832.JPG,nv,nv,0.9416
./images/nv/image1683.JPG,nv,nv,0.674
./images/nv/image6524.JPG,nv,nv,0.984
./images/nv/image3384.JPG,nv,nv,0.8544
./images/bkl/image1084.JPG,bkl,bkl,0.4104
./images/nv/image9929.JPG,nv,nv,0.8239
./images/nv/image5294.JPG,nv,nv,0.9957
./images/mel/image247.JPG,mel,nv,0.618
./images/nv/image3857.JPG,nv,nv,0.9997
./images/akiec/image5112.JPG,akiec,akiec,0.3264
./images/nv/image9898.JPG,nv,nv,0.6435
./images/nv/image4381.JPG,nv,nv,0.6785
./images/nv/image9727.JPG,nv,nv,0.9324
./images/nv/image5501.JPG,nv,nv,0.9954
./images/akiec/image6886.JPG,akiec,bkl,0.3854
./images/nv/image5135.JPG,nv,nv,0.9931
./images/nv/image8810.JPG,nv,nv,0.9425
./images/nv/image9419.JPG,nv,nv,0.9614
./images/nv/image5080.JPG,nv,nv,0.7884
./images/mel/image8679.JPG,mel,nv,0.4001
./images/nv/image6575.JPG,nv,nv,0.9963
./images/nv/image3053.JPG,nv,bcc,0.4418
./images/bcc/image267.JPG,bcc,bcc,0.5571
./images/bkl/image9668.JPG,bkl,nv,0.7471
./images/nv/image475.JPG,nv,nv,0.9979
./images/nv/image4461.JPG,nv,nv,0.8296
./images/nv/image3058.JPG,nv,nv,0.9976
./images/nv/image1127.JPG,nv,nv,0.9182
./images/bcc/image6473.JPG,bcc,nv,0.4367
./images/nv/image6775.JPG,nv,nv,0.9359
./images/bkl/image971.JPG,bkl,nv,0.5291
./images/bkl/image1869.JPG,bkl,bkl,0.4605
./images/vasc/image2408.JPG,vasc,bcc,0.5904
./images/nv/image2919.JPG,nv,nv,0.8369
./images/nv/image9004.JPG,nv,nv,0.6625
./images/nv/image2355.JPG,nv,nv,0.9739
./images/nv/image525.JPG,nv,bkl,0.3603
./images/nv/image9768.JPG,nv,nv,0.9151
./images/bkl/image6695.JPG,bkl,bcc,0.5946
./images/bkl/image4705.JPG,bkl,bkl,0.6833
./images/bkl/image172.JPG,bkl,bkl,0.3369
./images/bcc/image5542.JPG,bcc,bcc,0.8582
./images/mel/image548.JPG,mel,bkl,0.3423
./images/nv/image9106.JPG,nv,nv,0.8276
./images/bkl/image1837.JPG,bkl,nv,0.7336
./images/bkl/image193.JPG,bkl,bcc,0.2806
./images/nv/image6859.JPG,nv,nv,0.8785
./images/nv/image205.JPG,nv,nv,0.9991
./images/nv/image9535.JPG,nv,nv,0.856
./images/bcc/image6339.JPG,bcc,bcc,0.3853
./images/nv/image1641.JPG,nv,nv,0.7338
./images/bcc/image8749.JPG,bcc,nv,0.6464
./images/nv/image1261.JPG,nv,nv,0.9994
./images/nv/image3002.JPG,nv,nv,0.9834
./images/bcc/image4251.JPG,bcc,bcc,0.3478
./images/bkl/image2489.JPG,bkl,bkl,0.4555
./images/df/image7138.JPG,df,bcc,0.6458
./images/mel/image5197.JPG,mel,nv,0.4788
./images/nv/image7706.JPG,nv,nv,0.9854
./images/bkl/image588.JPG,bkl,bkl,0.3493
./images/mel/image9529.JPG,mel,mel,0.7043
./images/akiec/image234.JPG,akiec,mel,0.4276
./images/nv/image2295.JPG,nv,nv,0.9041
./images/nv/image306.JPG,nv,nv,0.9995
./images/nv/image8985.JPG,nv,nv,0.8334
./images/nv/image867.JPG,nv,nv,0.8651
./images/vasc/image7771.JPG,vasc,bcc,0.3674
./images/nv/image5012.JPG,nv,nv,0.8845
./images/nv/image3900.JPG,nv,nv,0.6828
./images/nv/image3091.JPG,nv,nv,0.9988
./images/nv/image6887.JPG,nv,bkl,0.3489
./images/nv/image6847.JPG,nv,nv,0.9914
./images/bkl/image7314.JPG,bkl,nv,0.5238
./images/bkl/image7206.JPG,bkl,nv,0.4583
./images/nv/image7068.JPG,nv,nv,0.9976
./images/nv/image1759.JPG,nv,nv,0.9992
./images/nv/image6559.JPG,nv,nv,0.9987
./images/mel/image1527.JPG,mel,nv,0.6436
./images/bkl/image1161.JPG,bkl,bkl,0.4814
./images/nv/image8462.JPG,nv,nv,0.5267
./images/mel/image5058.JPG,mel,nv,0.5583
./images/nv/image7439.JPG,nv,nv,0.9975
./images/nv/image1723.JPG,nv,nv,0.8764
./images/nv/image1452.JPG,nv,nv,0.9984
./images/mel/image8125.JPG,mel,nv,0.3073
./images/mel/image8750.JPG,mel,mel,0.5097
./images/bcc/image1635.JPG,bcc,bcc,0.2872
./images/bkl/image3405.JPG,bkl,nv,0.9856
./images/nv/image1133.JPG,nv,nv,0.9997
./images/nv/image2923.JPG,nv,nv,0.9854
./images/mel/image9558.JPG,mel,nv,0.6527
./images/bkl/image1149.JPG,bkl,nv,0.521
./images/bkl/image3931.JPG,bkl,nv,0.532
./images/nv/image4320.JPG,nv,nv,0.4374
./images/nv/image8170.JPG,nv,nv,0.9139
./images/nv/image6004.JPG,nv,nv,0.9656
./images/bkl/image8229.JPG,bkl,bkl,0.4737
./images/mel/image6207.JPG,mel,nv,0.6603
./images/nv/image7773.JPG,nv,nv,0.8341
./images/nv/image4835.JPG,nv,nv,0.6978
./images/nv/image3854.JPG,nv,nv,0.5569
./images/nv/image8018.JPG,nv,nv,0.9988
./images/vasc/image7752.JPG,vasc,nv,0.6254
./images/nv/image9359.JPG,nv,nv,0.6834
./images/nv/image5786.JPG,nv,nv,0.8188
./images/nv/image5472.JPG,nv,nv,0.9967
./images/nv/image3118.JPG,nv,nv,0.5682
./images/nv/image6485.JPG,nv,nv,0.63
./images/bcc/image6462.JPG,bcc,bkl,0.2272
./images/nv/image774.JPG,nv,nv,0.938
./images/nv/image6309.JPG,nv,nv,0.9999
./images/mel/image5727.JPG,mel,mel,0.542
./images/nv/image376.JPG,nv,nv,0.9968
./images/vasc/image7691.JPG,vasc,nv,0.6183
./images/nv/image4187.JPG,nv,nv,0.988
./images/bcc/image6870.JPG,bcc,bcc,0.2897
./images/nv/image5895.JPG,nv,nv,0.9997
./images/nv/image2859.JPG,nv,nv,0.974
./images/mel/image9938.JPG,mel,bkl,0.2946
./images/nv/image4902.JPG,nv,nv,0.999
./images/vasc/image1787.JPG,vasc,bcc,0.7367
./images/nv/image4313.JPG,nv,nv,0.9145
./images/nv/image8526.JPG,nv,mel,0.5327
./images/nv/image3971.JPG,nv,nv,0.9169
./images/mel/image2518.JPG,mel,nv,0.6684
./images/nv/image7368.JPG,nv,nv,0.9997
./images/bkl/image3344.JPG,bkl,nv,0.4944
./images/nv/image7658.JPG,nv,nv,0.3692
./images/nv/image1559.JPG,nv,nv,0.9469
./images/bkl/image4302.JPG,bkl,bkl,0.4323
./images/nv/image1923.JPG,nv,nv,0.9889
./images/nv/image557.JPG,nv,nv,0.8311
./images/nv/image8766.JPG,nv,nv,0.7166
./images/nv/image8801.JPG,nv,nv,0.7063
./images/bkl/image527.JPG,bkl,nv,0.4458
./images/nv/image5547.JPG,nv,nv,0.9998
./images/nv/image2681.JPG,nv,nv,0.9915
./images/bcc/image6958.JPG,bcc,bcc,0.3884
./images/nv/image1381.JPG,nv,nv,0.9986
./images/bkl/image9200.JPG,bkl,nv,0.5076
./images/nv/image8838.JPG,nv,nv,0.872
./images/nv/image8919.JPG,nv,nv,0.7048
./images/bkl/image8593.JPG,bkl,nv,0.6537
./images/nv/image4449.JPG,nv,nv,0.9946
./images/akiec/image024.JPG,akiec,bcc,0.4928
./images/nv/image3859.JPG,nv,nv,0.9947
./images/nv/image2505.JPG,nv,nv,0.7655
./images/nv/image1880.JPG,nv,nv,0.9987
./images/nv/image4166.JPG,nv,nv,0.9965
./images/nv/image8924.JPG,nv,nv,0.9552
./images/bkl/image4944.JPG,bkl,bkl,0.5965
./images/mel/image7776.JPG,mel,nv,0.4528
./images/bkl/image053.JPG,bkl,mel,0.297
./images/nv/image6324.JPG,nv,bcc,0.5589
./images/nv/image5847.JPG,nv,nv,0.9985
./images/akiec/image3395.JPG,akiec,nv,0.37
./images/nv/image7489.JPG,nv,nv,0.6572
./images/df/image5706.JPG,df,akiec,0.5252
./images/nv/image7310.JPG,nv,bkl,0.5069
./images/bkl/image5531.JPG,bkl,bcc,0.5029
./images/nv/image782.JPG,nv,nv,0.9962
./images/nv/image6063.JPG,nv,nv,0.9993
./images/nv/image2105.JPG,nv,nv,0.989
./images/bkl/image4099.JPG,bkl,nv,0.784
./images/nv/image7523.JPG,nv,nv,0.9962
./images/bcc/image3128.JPG,bcc,akiec,0.3826
./images/nv/image4326.JPG,nv,nv,0.7692
./images/nv/image9379.JPG,nv,nv,0.8108
./images/df/image9864.JPG,df,nv,0.5088
./images/bkl/image5167.JPG,bkl,mel,0.5719
./images/df/image3422.JPG,df,bcc,0.474
./images/bkl/image4357.JPG,bkl,bkl,0.3349
./images/bcc/image2550.JPG,bcc,nv,0.4706
./images/nv/image5310.JPG,nv,nv,0.8765
./images/bcc/image4689.JPG,bcc,bcc,0.3824
./images/mel/image816.JPG,mel,mel,0.7575
./images/nv/image768.JPG,nv,nv,0.7018
./images/nv/image5692.JPG,nv,nv,0.8955
./images/nv/image4781.JPG,nv,nv,0.9996
./images/nv/image3869.JPG,nv,nv,0.8611
./images/nv/image4519.JPG,nv,nv,0.9987
./images/nv/image600.JPG,nv,nv,0.9968
./images/nv/image1700.JPG,nv,nv,0.9992
./images/bkl/image5573.JPG,bkl,nv,0.7511
./images/nv/image4877.JPG,nv,nv,0.7354
./images/nv/image7355.JPG,nv,nv,0.7333
./images/nv/image1022.JPG,nv,nv,0.7807
./images/nv/image1566.JPG,nv,nv,0.8103
./images/nv/image5005.JPG,nv,nv,0.946
./images/bkl/image1623.JPG,bkl,nv,0.3359
./images/mel/image5337.JPG,mel,nv,0.864
./images/bcc/image156.JPG,bcc,nv,0.6888
./images/nv/image4130.JPG,nv,nv,0.9728
./images/nv/image8980.JPG,nv,nv,0.9913
./images/nv/image4342.JPG,nv,nv,0.9994
./images/nv/image4833.JPG,nv,nv,0.5858
./images/mel/image3851.JPG,mel,nv,0.7284
./images/bkl/image3496.JPG,bkl,bkl,0.6014
./images/nv/image9504.JPG,nv,nv,0.9853
./images/bcc/image7102.JPG,bcc,nv,0.5357
./images/mel/image7194.JPG,mel,mel,0.614
./images/bkl/image3449.JPG,bkl,bkl,0.7891
./images/nv/image3690.JPG,nv,nv,0.9981
./images/nv/image1118.JPG,nv,nv,0.9842
./images/nv/image6696.JPG,nv,nv,0.8053
./images/nv/image4949.JPG,nv,bkl,0.6017
./images/nv/image1030.JPG,nv,nv,0.4563
./images/nv/image6026.JPG,nv,nv,0.9955
./images/nv/image6797.JPG,nv,nv,0.9822
./images/bcc/image1521.JPG,bcc,bcc,0.3579
./images/nv/image7747.JPG,nv,nv,0.704
./images/bkl/image318.JPG,bkl,bkl,0.4934
./images/nv/image069.JPG,nv,mel,0.3313
./images/vasc/image7935.JPG,vasc,bcc,0.3463
./images/bkl/image3655.JPG,bkl,bkl,0.495
./images/nv/image4463.JPG,nv,nv,0.9663
./images/nv/image1353.JPG,nv,nv,0.9493
./images/nv/image868.JPG,nv,bcc,0.4811
./images/nv/image5703.JPG,nv,nv,0.7794
./images/nv/image6304.JPG,nv,nv,0.6969
./images/mel/image4852.JPG,mel,nv,0.6682
./images/bkl/image9896.JPG,bkl,nv,0.8581
./images/nv/image7931.JPG,nv,nv,0.988
./images/mel/image6479.JPG,mel,mel,0.6437
./images/nv/image3243.JPG,nv,nv,0.9355
./images/bcc/image7264.JPG,bcc,nv,0.2887
./images/nv/image6791.JPG,nv,nv,0.9924
./images/df/image6250.JPG,df,akiec,0.3289
./images/mel/image9240.JPG,mel,nv,0.876
./images/nv/image4474.JPG,nv,nv,0.9934
./images/bkl/image9560.JPG,bkl,bcc,0.4003
./images/nv/image1984.JPG,nv,nv,0.9972
./images/nv/image8295.JPG,nv,nv,0.8986
./images/nv/image3428.JPG,nv,nv,0.9963
./images/nv/image2001.JPG,nv,nv,0.9969
./images/nv/image6460.JPG,nv,nv,0.7716
./images/nv/image5764.JPG,nv,nv,0.7274
./images/bkl/image7794.JPG,bkl,mel,0.4305
./images/bcc/image6477.JPG,bcc,akiec,0.3014
./images/nv/image2376.JPG,nv,nv,0.9963
./images/nv/image2631.JPG,nv,nv,0.9994
./images/mel/image5065.JPG,mel,mel,0.4833
./images/nv/image8716.JPG,nv,nv,0.9781
./images/nv/image6771.JPG,nv,mel,0.7696
./images/nv/image3379.JPG,nv,nv,0.9086
./images/nv/image4267.JPG,nv,nv,0.9971
./images/nv/image3769.JPG,nv,nv,0.9667
./images/nv/image3100.JPG,nv,nv,0.9656
./images/nv/image3940.JPG,nv,nv,0.9943
./images/nv/image4406.JPG,nv,nv,0.9981
./images/mel/image3397.JPG,mel,mel,0.5052
./images/nv/image5999.JPG,nv,nv,0.8597
./images/nv/image6880.JPG,nv,nv,0.9999
./images/nv/image8527.JPG,nv,nv,0.7946
./images/nv/image597.JPG,nv,nv,0.7298
./images/nv/image5356.JPG,nv,nv,0.4814
./images/akiec/image217.JPG,akiec,nv,0.4768
./images/nv/image4868.JPG,nv,nv,0.9987
./images/mel/image2587.JPG,mel,bkl,0.3946
./images/nv/image6257.JPG,nv,nv,0.9995
./images/nv/image3647.JPG,nv,nv,0.9888
./images/nv/image795.JPG,nv,nv,0.7965
./images/nv/image9665.JPG,nv,nv,0.6374
./images/bkl/image7526.JPG,bkl,mel,0.4494
./images/nv/image8946.JPG,nv,nv,0.5919
./images/mel/image028.JPG,mel,nv,0.3811
./images/nv/image6623.JPG,nv,bkl,0.313
./images/nv/image3075.JPG,nv,nv,0.9875
./images/nv/image6165.JPG,nv,nv,0.9781
./images/bkl/image6984.JPG,bkl,bkl,0.3744
./images/nv/image860.JPG,nv,nv,0.7868
./images/mel/image1284.JPG,mel,nv,0.4516
./images/nv/image7586.JPG,nv,nv,0.9988
./images/bkl/image8020.JPG,bkl,nv,0.3113
./images/nv/image9162.JPG,nv,nv,0.8657
./images/nv/image2173.JPG,nv,nv,0.8803
./images/nv/image6857.JPG,nv,nv,0.9986
./images/bkl/image5619.JPG,bkl,bcc,0.2773
./images/nv/image3820.JPG,nv,nv,0.9986
./images/bkl/image2234.JPG,bkl,bkl,0.4131
./images/nv/image6379.JPG,nv,bcc,0.319
./images/nv/image3729.JPG,nv,nv,0.9978
./images/nv/image2918.JPG,nv,nv,0.9994
./images/nv/image3593.JPG,nv,bcc,0.5089
./images/vasc/image8410.JPG,vasc,bcc,0.4066
./images/nv/image5042.JPG,nv,nv,0.9904
./images/nv/image6456.JPG,nv,nv,0.678
./images/nv/image7353.JPG,nv,nv,0.9995
./images/nv/image447.JPG,nv,mel,0.4145
./images/nv/image5238.JPG,nv,nv,0.7764
./images/mel/image823.JPG,mel,nv,0.8483
./images/nv/image3566.JPG,nv,nv,0.9995
./images/bcc/image7046.JPG,bcc,bcc,0.399
./images/nv/image9546.JPG,nv,nv,0.6133
./images/nv/image4669.JPG,nv,nv,0.9988
./images/nv/image2798.JPG,nv,nv,0.6658
./images/nv/image1761.JPG,nv,nv,0.9757
./images/nv/image9436.JPG,nv,nv,0.7303
./images/nv/image7871.JPG,nv,mel,0.4091
./images/bkl/image8959.JPG,bkl,nv,0.6589
./images/nv/image2500.JPG,nv,nv,0.7694
./images/nv/image958.JPG,nv,nv,0.9333
./images/nv/image6294.JPG,nv,nv,0.9983
./images/nv/image7744.JPG,nv,nv,0.9967
./images/nv/image7665.JPG,nv,nv,0.8671
./images/nv/image478.JPG,nv,nv,0.999
./images/nv/image7429.JPG,nv,nv,0.9905
./images/nv/image1517.JPG,nv,nv,0.9953
./images/bkl/image2358.JPG,bkl,bkl,0.5981
./images/nv/image7169.JPG,nv,nv,0.2984
./images/bcc/image5840.JPG,bcc,bkl,0.3036
./images/nv/image6226.JPG,nv,nv,0.8355
./images/nv/image2231.JPG,nv,nv,0.9584
./images/bcc/image8422.JPG,bcc,bcc,0.3129
./images/bkl/image7071.JPG,bkl,bkl,0.727
./images/mel/image3054.JPG,mel,nv,0.4219
./images/bkl/image3465.JPG,bkl,bkl,0.6316
./images/nv/image8048.JPG,nv,nv,0.9991
./images/bcc/image7985.JPG,bcc,nv,0.4728
./images/bkl/image2722.JPG,bkl,nv,0.8788
./images/nv/image6537.JPG,nv,nv,0.6997
./images/nv/image1042.JPG,nv,nv,0.9994
./images/nv/image8399.JPG,nv,nv,0.8396
./images/nv/image3074.JPG,nv,nv,0.779
./images/bcc/image6938.JPG,bcc,bcc,0.252
./images/bkl/image3149.JPG,bkl,nv,0.4804
./images/nv/image2097.JPG,nv,nv,0.7365
./images/mel/image9731.JPG,mel,nv,0.3488
./images/nv/image9247.JPG,nv,nv,0.5703
./images/nv/image7287.JPG,nv,nv,0.7431
./images/nv/image4999.JPG,nv,nv,0.9865
./images/nv/image7050.JPG,nv,nv,0.9996
./images/nv/image7687.JPG,nv,nv,0.9911
./images/nv/image5537.JPG,nv,nv,0.99
./images/bkl/image3738.JPG,bkl,bkl,0.6709
./images/df/image4992.JPG,df,nv,0.9517
./images/nv/image7820.JPG,nv,nv,0.8162
./images/nv/image2387.JPG,nv,nv,0.7468
./images/nv/image4918.JPG,nv,bkl,0.6411
./images/nv/image1139.JPG,nv,nv,0.971
./images/nv/image1177.JPG,nv,nv,0.9991
./images/nv/image6879.JPG,nv,nv,0.7972
./images/nv/image3250.JPG,nv,nv,0.9946
./images/nv/image8358.JPG,nv,nv,0.8147
./images/nv/image7110.JPG,nv,nv,0.9973
./images/nv/image3418.JPG,nv,nv,0.998
./images/bkl/image3303.JPG,bkl,bkl,0.679
./images/nv/image1493.JPG,nv,nv,0.8234
./images/bkl/image6217.JPG,bkl,nv,0.7569
./images/nv/image603.JPG,nv,nv,0.7861
./images/mel/image5400.JPG,mel,mel,0.6628
./images/nv/image8179.JPG,nv,nv,0.9065
./images/bcc/image9199.JPG,bcc,bcc,0.4505
./images/bkl/image421.JPG,bkl,bkl,0.3699
./images/nv/image7356.JPG,nv,nv,0.9903
./images/nv/image4823.JPG,nv,nv,0.9983
./images/nv/image2787.JPG,nv,nv,0.9997
./images/mel/image8419.JPG,mel,nv,0.7597
./images/nv/image4266.JPG,nv,nv,0.8841
./images/nv/image5943.JPG,nv,nv,0.9995
./images/akiec/image7273.JPG,akiec,bcc,0.2358
./images/nv/image5111.JPG,nv,nv,0.9995
./images/bkl/image1438.JPG,bkl,bkl,0.4301
./images/nv/image7842.JPG,nv,nv,0.9974
./images/nv/image4136.JPG,nv,mel,0.2629
./images/bkl/image9473.JPG,bkl,mel,0.5667
./images/df/image4346.JPG,df,nv,0.9474
./images/nv/image5678.JPG,nv,nv,0.7582
./images/mel/image850.JPG,mel,nv,0.6977
./images/nv/image979.JPG,nv,nv,0.973
./images/nv/image5605.JPG,nv,nv,0.9953
./images/nv/image6842.JPG,nv,nv,0.9936
./images/mel/image4751.JPG,mel,nv,0.7806
./images/bcc/image3241.JPG,bcc,bcc,0.6459
./images/nv/image3276.JPG,nv,nv,0.999
./images/nv/image8286.JPG,nv,nv,0.8577
./images/mel/image8769.JPG,mel,nv,0.8034
./images/akiec/image3591.JPG,akiec,akiec,0.51
./images/bkl/image2030.JPG,bkl,bcc,0.3264
./images/mel/image9307.JPG,mel,nv,0.863
./images/bcc/image3774.JPG,bcc,bkl,0.4219
./images/nv/image9541.JPG,nv,nv,0.8251
./images/nv/image2015.JPG,nv,nv,0.9945
./images/vasc/image6896.JPG,vasc,bcc,0.5024
./images/nv/image8246.JPG,nv,nv,0.9645
./images/nv/image8329.JPG,nv,nv,0.8001
./images/bcc/image2830.JPG,bcc,nv,0.8208
./images/nv/image195.JPG,nv,nv,0.9993
./images/nv/image2150.JPG,nv,bkl,0.3783
./images/bkl/image2117.JPG,bkl,nv,0.6631
./images/nv/image2908.JPG,nv,nv,0.4368
./images/bkl/image3691.JPG,bkl,nv,0.4851
./images/mel/image6872.JPG,mel,mel,0.5683
./images/nv/image649.JPG,nv,nv,0.9991
./images/mel/image1104.JPG,mel,nv,0.4888
./images/bcc/image10001.JPG,bcc,bcc,0.3865
./images/nv/image4281.JPG,nv,nv,0.3502
./images/nv/image4173.JPG,nv,nv,0.9804
./images/bkl/image1601.JPG,bkl,nv,0.9448
./images/nv/image9547.JPG,nv,nv,0.9411
./images/mel/image8660.JPG,mel,nv,0.4979
./images/bkl/image1007.JPG,bkl,nv,0.2842
./images/nv/image1309.JPG,nv,nv,0.9996
./images/nv/image769.JPG,nv,nv,0.8444
./images/nv/image1797.JPG,nv,nv,0.9994
./images/mel/image2844.JPG,mel,mel,0.4972
./images/nv/image9923.JPG,nv,nv,0.9635
./images/nv/image8800.JPG,nv,nv,0.8762
./images/nv/image2364.JPG,nv,nv,0.9991
./images/nv/image885.JPG,nv,nv,0.9986
./images/nv/image1890.JPG,nv,nv,0.9819
./images/nv/image8510.JPG,nv,nv,0.6761
./images/nv/image8937.JPG,nv,nv,0.3712
./images/bkl/image4984.JPG,bkl,nv,0.9304
./images/nv/image1331.JPG,nv,nv,0.9979
./images/mel/image7064.JPG,mel,bkl,0.3209
./images/nv/image1561.JPG,nv,nv,0.9998
./images/nv/image9093.JPG,nv,nv,0.4324
./images/mel/image462.JPG,mel,bkl,0.3039
./images/nv/image4013.JPG,nv,nv,0.9984
./images/nv/image9885.JPG,nv,nv,0.8795
./images/mel/image8413.JPG,mel,bkl,0.4308
./images/nv/image4844.JPG,nv,nv,0.9958
./images/bcc/image1970.JPG,bcc,bcc,0.3752
./images/bkl/image6013.JPG,bkl,bkl,0.5846
./images/bkl/image4081.JPG,bkl,nv,0.4318
./images/bkl/image1944.JPG,bkl,bkl,0.6513
./images/nv/image8076.JPG,nv,nv,0.9994
./images/nv/image2264.JPG,nv,bcc,0.4837
./images/nv/image1303.JPG,nv,nv,0.9995
./images/nv/image7396.JPG,nv,nv,0.9864
./images/nv/image6156.JPG,nv,nv,0.9935
./images/vasc/image8830.JPG,vasc,nv,0.8783
./images/bkl/image7592.JPG,bkl,bkl,0.2795
./images/nv/image5025.JPG,nv,nv,0.9739
./images/bkl/image5122.JPG,bkl,bkl,0.6424
./images/nv/image3420.JPG,nv,nv,0.8917
./images/nv/image2304.JPG,nv,nv,0.9988
./images/nv/image6326.JPG,nv,nv,0.6904
./images/bkl/image1500.JPG,bkl,nv,0.7112
./images/mel/image8254.JPG,mel,nv,0.8338
./images/mel/image4160.JPG,mel,nv,0.6744
./images/nv/image7156.JPG,nv,nv,0.9941
./images/nv/image9688.JPG,nv,nv,0.9693
./images/nv/image856.JPG,nv,nv,0.9898
./images/nv/image7277.JPG,nv,nv,0.9336
./images/nv/image6151.JPG,nv,nv,0.8911
./images/nv/image5096.JPG,nv,nv,0.6533
./images/mel/image9854.JPG,mel,nv,0.4911
./images/nv/image7012.JPG,nv,nv,0.3363
./images/bcc/image2741.JPG,bcc,bcc,0.4786
./images/nv/image7175.JPG,nv,nv,0.9941
./images/mel/image7899.JPG,mel,nv,0.5749
./images/bkl/image166.JPG,bkl,nv,0.5886
./images/mel/image7652.JPG,mel,nv,0.7191
./images/nv/image3964.JPG,nv,nv,0.9993
./images/nv/image2196.JPG,nv,nv,0.8957
./images/nv/image5804.JPG,nv,nv,0.9989
./images/nv/image4961.JPG,nv,nv,0.8637
./images/nv/image6287.JPG,nv,nv,0.9692
./images/df/image5586.JPG,df,bkl,0.2969
./images/nv/image9027.JPG,nv,nv,0.5571
./images/bcc/image5240.JPG,bcc,bcc,0.3201
./images/nv/image5359.JPG,nv,nv,0.7662
./images/nv/image4002.JPG,nv,nv,0.8897
./images/nv/image547.JPG,nv,nv,0.9955
./images/nv/image8257.JPG,nv,nv,0.9309
./images/vasc/image7454.JPG,vasc,nv,0.7935
./images/nv/image3390.JPG,nv,nv,0.9918
./images/mel/image2760.JPG,mel,mel,0.5348
./images/nv/image2811.JPG,nv,nv,0.9993
./images/bkl/image406.JPG,bkl,nv,0.6199
./images/nv/image1410.JPG,nv,nv,0.9959
./images/nv/image4520.JPG,nv,nv,0.6622
./images/df/image9485.JPG,df,bkl,0.2563
./images/nv/image8197.JPG,nv,nv,0.9904
./images/nv/image3486.JPG,nv,nv,0.9981
./images/nv/image3059.JPG,nv,nv,0.9065
./images/nv/image2922.JPG,nv,nv,0.9739
./images/nv/image003.JPG,nv,nv,0.9987
./images/nv/image3467.JPG,nv,nv,0.9061
./images/nv/image2875.JPG,nv,nv,0.9982
./images/nv/image8397.JPG,nv,nv,0.3847
./images/mel/image7648.JPG,mel,nv,0.8449
./images/mel/image2725.JPG,mel,bkl,0.4824
./images/nv/image9173.JPG,nv,mel,0.5589
./images/nv/image5351.JPG,nv,nv,0.6027
./images/bkl/image7507.JPG,bkl,bcc,0.2863
./images/nv/image2025.JPG,nv,nv,0.9683
./images/nv/image8304.JPG,nv,nv,0.7777
./images/bkl/image7662.JPG,bkl,bkl,0.4596
./images/nv/image6916.JPG,nv,nv,0.6753
./images/nv/image5103.JPG,nv,nv,0.998
./images/nv/image9378.JPG,nv,nv,0.7199
./images/bkl/image8271.JPG,bkl,bkl,0.4624
./images/nv/image5631.JPG,nv,nv,0.999
./images/bcc/image3754.JPG,bcc,nv,0.3914
./images/nv/image1130.JPG,nv,nv,0.9959
./images/nv/image5548.JPG,nv,nv,0.9991
./images/nv/image7679.JPG,nv,nv,0.8658
./images/nv/image5044.JPG,nv,nv,0.9135
./images/nv/image734.JPG,nv,nv,0.9009
./images/bkl/image3959.JPG,bkl,nv,0.6593
./images/nv/image3972.JPG,nv,nv,0.9979
./images/nv/image993.JPG,nv,nv,0.9774
./images/nv/image631.JPG,nv,nv,0.843
./images/nv/image253.JPG,nv,nv,0.9996
./images/nv/image2806.JPG,nv,nv,0.8053
./images/mel/image4176.JPG,mel,bkl,0.4257
./images/nv/image1793.JPG,nv,nv,0.9994
./images/bkl/image3545.JPG,bkl,bkl,0.2837
./images/nv/image4759.JPG,nv,nv,0.9896
./images/nv/image1861.JPG,nv,bkl,0.7005
./images/nv/image717.JPG,nv,nv,0.9989
./images/nv/image5166.JPG,nv,nv,0.9837
./images/nv/image8035.JPG,nv,nv,0.8697
./images/nv/image8021.JPG,nv,nv,0.9899
./images/nv/image9360.JPG,nv,nv,0.7545
./images/mel/image9934.JPG,mel,mel,0.4755
./images/bkl/image8471.JPG,bkl,bkl,0.4117
./images/mel/image7793.JPG,mel,nv,0.4796
./images/nv/image082.JPG,nv,nv,0.9554
./images/nv/image9628.JPG,nv,nv,0.8129
./images/nv/image6412.JPG,nv,nv,0.8986
./images/bkl/image7237.JPG,bkl,bkl,0.608
./images/nv/image6889.JPG,nv,nv,0.9003
./images/nv/image8740.JPG,nv,nv,0.8694
./images/bkl/image391.JPG,bkl,bkl,0.5171
./images/bcc/image6221.JPG,bcc,bcc,0.3221
./images/nv/image9120.JPG,nv,nv,0.6604
./images/nv/image5432.JPG,nv,nv,0.9946
./images/nv/image7577.JPG,nv,nv,0.9997
./images/nv/image3985.JPG,nv,nv,0.8299
./images/mel/image6813.JPG,mel,bkl,0.2504
./images/nv/image8541.JPG,nv,nv,0.9365
./images/bkl/image9892.JPG,bkl,bkl,0.4604
./images/nv/image5226.JPG,nv,nv,0.6193
./images/nv/image6100.JPG,nv,nv,0.9851
./images/nv/image1718.JPG,nv,nv,0.6364
./images/nv/image099.JPG,nv,nv,0.9758
./images/nv/image9783.JPG,nv,nv,0.8402
./images/nv/image3124.JPG,nv,nv,0.9932
./images/mel/image9551.JPG,mel,mel,0.5215
./images/nv/image230.JPG,nv,nv,1.0
./images/nv/image6448.JPG,nv,nv,0.9233
./images/nv/image1254.JPG,nv,nv,0.289
./images/nv/image8855.JPG,nv,nv,0.938
./images/mel/image9365.JPG,mel,nv,0.9144
./images/akiec/image3653.JPG,akiec,akiec,0.4614
./images/bkl/image4667.JPG,bkl,bcc,0.4739
./images/nv/image218.JPG,nv,nv,0.8509
./images/nv/image3562.JPG,nv,nv,0.8345
./images/nv/image087.JPG,nv,nv,0.9931
./images/nv/image429.JPG,nv,nv,0.9583
./images/nv/image5785.JPG,nv,nv,0.9995
./images/mel/image9164.JPG,mel,nv,0.5379
./images/bkl/image8038.JPG,bkl,akiec,0.3029
./images/bkl/image2209.JPG,bkl,bkl,0.5254
./images/nv/image9659.JPG,nv,bkl,0.4268
./images/vasc/image3583.JPG,vasc,bcc,0.3481
./images/nv/image8015.JPG,nv,nv,0.9949
./images/nv/image2507.JPG,nv,nv,0.9755
./images/nv/image4324.JPG,nv,nv,0.9974
./images/bcc/image6588.JPG,bcc,bcc,0.3198
./images/nv/image4125.JPG,nv,nv,0.8031
./images/nv/image6238.JPG,nv,nv,0.707
./images/mel/image4105.JPG,mel,nv,0.7926
./images/bkl/image7286.JPG,bkl,bkl,0.608
./images/nv/image6387.JPG,nv,nv,0.8566
./images/nv/image7562.JPG,nv,nv,0.7041
./images/nv/image9275.JPG,nv,nv,0.907
./images/nv/image3270.JPG,nv,nv,0.9836
./images/nv/image8047.JPG,nv,nv,0.9978
./images/mel/image9757.JPG,mel,bkl,0.552
./images/bkl/image140.JPG,bkl,nv,0.6822
./images/mel/image9878.JPG,mel,nv,0.8508
./images/nv/image198.JPG,nv,nv,0.7115
./images/nv/image251.JPG,nv,nv,0.8221
./images/nv/image3836.JPG,nv,nv,0.8592
./images/nv/image6457.JPG,nv,nv,0.9993
./images/akiec/image7569.JPG,akiec,nv,0.303
./images/nv/image6954.JPG,nv,nv,0.7145
./images/nv/image7364.JPG,nv,nv,0.9768
./images/mel/image9349.JPG,mel,nv,0.6481
./images/nv/image7976.JPG,nv,nv,0.5531
./images/nv/image7233.JPG,nv,nv,0.9981
./images/nv/image712.JPG,nv,nv,0.9933
./images/nv/image3544.JPG,nv,nv,0.5158
./images/bkl/image3818.JPG,bkl,nv,0.3452
./images/nv/image9343.JPG,nv,bkl,0.5262
./images/nv/image1176.JPG,nv,nv,0.9904
./images/nv/image2931.JPG,nv,nv,0.9434
./images/bkl/image7910.JPG,bkl,mel,0.5305
./images/nv/image1437.JPG,nv,nv,0.7181
./images/nv/image4985.JPG,nv,nv,0.9424
./images/nv/image5019.JPG,nv,nv,0.9963
./images/nv/image1056.JPG,nv,nv,0.9988
./images/mel/image2548.JPG,mel,bkl,0.3583
./images/bcc/image4011.JPG,bcc,bcc,0.461
./images/nv/image7716.JPG,nv,nv,0.47
./images/nv/image7970.JPG,nv,nv,0.9986
./images/nv/image8595.JPG,nv,nv,0.9646
./images/nv/image8882.JPG,nv,nv,0.8629
./images/nv/image4204.JPG,nv,nv,0.7917
./images/nv/image208.JPG,nv,nv,0.9972
./images/nv/image5052.JPG,nv,nv,0.7479
./images/nv/image3750.JPG,nv,nv,0.9966
./images/nv/image3473.JPG,nv,nv,0.999
./images/nv/image8040.JPG,nv,nv,0.676
./images/nv/image6340.JPG,nv,nv,0.3602
./images/nv/image7168.JPG,nv,bkl,0.6328
./images/nv/image7566.JPG,nv,nv,0.9138
./images/nv/image8657.JPG,nv,nv,0.901
./images/nv/image5260.JPG,nv,nv,0.9917
./images/bkl/image9427.JPG,bkl,nv,0.8717
./images/nv/image6322.JPG,nv,nv,0.9864
./images/bkl/image7328.JPG,bkl,akiec,0.299
./images/nv/image8334.JPG,nv,nv,0.661
./images/nv/image1577.JPG,nv,nv,0.992
./images/nv/image2595.JPG,nv,nv,0.9991
./images/nv/image2445.JPG,nv,nv,0.9868
./images/nv/image5655.JPG,nv,nv,0.9986
./images/nv/image846.JPG,nv,nv,0.986
./images/nv/image8284.JPG,nv,nv,0.9536
./images/nv/image1734.JPG,nv,nv,0.997
./images/mel/image7927.JPG,mel,nv,0.801
./images/nv/image5022.JPG,nv,nv,0.9994
./images/nv/image4558.JPG,nv,nv,0.8619
./images/nv/image7324.JPG,nv,nv,0.9485
./images/nv/image4165.JPG,nv,nv,0.9981
./images/nv/image387.JPG,nv,nv,0.9998
./images/nv/image2069.JPG,nv,mel,0.7313
./images/nv/image433.JPG,nv,nv,0.9906
./images/nv/image7055.JPG,nv,nv,0.7039
./images/nv/image6658.JPG,nv,mel,0.496
./images/bkl/image033.JPG,bkl,bcc,0.501
./images/nv/image1909.JPG,nv,nv,0.9987
./images/nv/image5017.JPG,nv,nv,0.9968
./images/nv/image710.JPG,nv,nv,0.9991
./images/bkl/image1441.JPG,bkl,bkl,0.3998
./images/nv/image6547.JPG,nv,nv,0.8182
./images/nv/image8752.JPG,nv,nv,0.7529
./images/nv/image7449.JPG,nv,nv,0.839
./images/nv/image9136.JPG,nv,nv,0.9209
./images/nv/image5419.JPG,nv,bkl,0.3879
./images/nv/image8998.JPG,nv,nv,0.8581
./images/nv/image215.JPG,nv,nv,0.9159
./images/mel/image2572.JPG,mel,nv,0.7974
./images/mel/image8763.JPG,mel,mel,0.5755
./images/mel/image9005.JPG,mel,mel,0.2923
./images/bcc/image4510.JPG,bcc,bcc,0.4274
./images/nv/image701.JPG,nv,nv,0.9976
./images/nv/image6351.JPG,nv,nv,0.9997
./images/nv/image4891.JPG,nv,bkl,0.4467
./images/akiec/image7201.JPG,akiec,bkl,0.5464
./images/nv/image1329.JPG,nv,nv,0.9885
./images/nv/image9565.JPG,nv,nv,0.9793
./images/nv/image088.JPG,nv,nv,0.9992
./images/nv/image7527.JPG,nv,nv,0.5766
./images/nv/image7054.JPG,nv,bcc,0.3525
./images/nv/image8848.JPG,nv,nv,0.8238
./images/bkl/image8360.JPG,bkl,nv,0.7277
./images/nv/image1274.JPG,nv,nv,0.871
./images/nv/image6779.JPG,nv,nv,0.9995
./images/nv/image4536.JPG,nv,nv,0.9993
./images/nv/image8886.JPG,nv,nv,0.9257
./images/nv/image9409.JPG,nv,nv,0.9703
./images/nv/image2272.JPG,nv,nv,0.3134
./images/nv/image4479.JPG,nv,nv,0.9895
./images/nv/image8017.JPG,nv,nv,0.4904
./images/nv/image4201.JPG,nv,nv,0.9962
./images/nv/image5456.JPG,nv,nv,0.9991
./images/nv/image6377.JPG,nv,nv,0.9779
./images/bkl/image2285.JPG,bkl,nv,0.7336
./images/bkl/image6820.JPG,bkl,nv,0.9746
./images/bcc/image7338.JPG,bcc,bkl,0.3113
./images/nv/image686.JPG,nv,nv,0.9991
./images/nv/image3716.JPG,nv,nv,0.946
./images/nv/image884.JPG,nv,nv,0.994
./images/akiec/image2676.JPG,akiec,bcc,0.3292
./images/nv/image5714.JPG,nv,nv,0.825
./images/nv/image2428.JPG,nv,nv,0.9842
./images/nv/image5722.JPG,nv,nv,0.8192
./images/bkl/image3795.JPG,bkl,nv,0.4881
./images/nv/image5989.JPG,nv,nv,0.9977
./images/bcc/image3671.JPG,bcc,bcc,0.3155
./images/bkl/image9456.JPG,bkl,nv,0.7969
./images/nv/image6254.JPG,nv,nv,0.9965
./images/bkl/image2913.JPG,bkl,nv,0.7309
./images/nv/image4182.JPG,nv,nv,0.905
./images/bkl/image4031.JPG,bkl,bkl,0.5856
./images/mel/image9111.JPG,mel,nv,0.7148
./images/nv/image8533.JPG,nv,nv,0.9171
./images/nv/image3733.JPG,nv,nv,0.9994
./images/nv/image2772.JPG,nv,bkl,0.4463
./images/nv/image8118.JPG,nv,nv,0.4759
./images/bkl/image9881.JPG,bkl,bkl,0.4402
./images/bcc/image3439.JPG,bcc,nv,0.9162
./images/mel/image8911.JPG,mel,nv,0.9298
./images/mel/image6077.JPG,mel,mel,0.4985
./images/nv/image4172.JPG,nv,nv,0.8383
./images/bkl/image456.JPG,bkl,nv,0.6667
./images/nv/image932.JPG,nv,nv,0.8837
./images/nv/image044.JPG,nv,nv,0.8083
./images/nv/image4948.JPG,nv,nv,0.999
./images/nv/image7861.JPG,nv,nv,0.9616
./images/nv/image2348.JPG,nv,nv,0.9938
./images/akiec/image7894.JPG,akiec,akiec,0.2841
./images/mel/image9358.JPG,mel,mel,0.4538
./images/nv/image2123.JPG,nv,nv,0.9061
./images/df/image8105.JPG,df,akiec,0.5633
./images/nv/image787.JPG,nv,nv,0.9998
./images/nv/image874.JPG,nv,nv,0.2947
./images/nv/image380.JPG,nv,nv,0.9979
./images/nv/image699.JPG,nv,nv,0.9281
./images/bkl/image9185.JPG,bkl,bkl,0.3568
./images/nv/image8141.JPG,nv,nv,0.9
./images/akiec/image8044.JPG,akiec,mel,0.3019
./images/nv/image4085.JPG,nv,nv,0.7853
./images/nv/image7036.JPG,nv,nv,0.9947
./images/nv/image8205.JPG,nv,nv,0.8577
./images/nv/image1150.JPG,nv,nv,0.9972
./images/df/image9370.JPG,df,bkl,0.4372
./images/nv/image5585.JPG,nv,nv,0.9991
./images/nv/image4462.JPG,nv,bcc,0.4121
./images/bcc/image106.JPG,bcc,bcc,0.4131
./images/akiec/image1844.JPG,akiec,akiec,0.34
./images/nv/image093.JPG,nv,nv,0.9991
./images/nv/image5949.JPG,nv,nv,0.9942
./images/nv/image1335.JPG,nv,nv,0.7839
./images/nv/image1132.JPG,nv,nv,0.9991
./images/nv/image3289.JPG,nv,nv,0.9987
./images/nv/image5528.JPG,nv,bkl,0.5185
./images/nv/image2616.JPG,nv,nv,0.4859
./images/nv/image3096.JPG,nv,nv,0.6916
./images/bkl/image1025.JPG,bkl,bcc,0.4328
./images/nv/image3643.JPG,nv,nv,0.982
./images/nv/image6657.JPG,nv,nv,0.9665
./images/nv/image5947.JPG,nv,nv,0.9954
./images/nv/image5909.JPG,nv,nv,0.9949
./images/nv/image7896.JPG,nv,nv,0.9913
./images/nv/image5409.JPG,nv,nv,0.9984
./images/bcc/image8900.JPG,bcc,bcc,0.543
./images/nv/image1442.JPG,nv,nv,0.9648
./images/nv/image587.JPG,nv,nv,0.8821
./images/nv/image1260.JPG,nv,nv,0.989
./images/mel/image4137.JPG,mel,nv,0.3559
./images/nv/image2442.JPG,nv,nv,0.9727
./images/nv/image408.JPG,nv,nv,0.9973
./images/nv/image417.JPG,nv,nv,0.9993
./images/akiec/image5828.JPG,akiec,akiec,0.3027
./images/nv/image6121.JPG,nv,nv,0.5093
./images/mel/image6646.JPG,mel,nv,0.4996
./images/bcc/image9814.JPG,bcc,bkl,0.3535
./images/nv/image5418.JPG,nv,nv,0.989
./images/bkl/image7746.JPG,bkl,bkl,0.5227
./images/mel/image7790.JPG,mel,nv,0.4248
./images/nv/image4714.JPG,nv,nv,0.9981
./images/nv/image1188.JPG,nv,nv,0.9205
./images/nv/image7383.JPG,nv,nv,0.9954
./images/nv/image4926.JPG,nv,nv,0.8942
./images/mel/image2820.JPG,mel,nv,0.7454
./images/bkl/image3895.JPG,bkl,nv,0.351
./images/bkl/image9355.JPG,bkl,nv,0.4998
./images/akiec/image3885.JPG,akiec,akiec,0.2922
./images/nv/image6608.JPG,nv,nv,0.989
./images/nv/image9065.JPG,nv,nv,0.906
./images/nv/image1433.JPG,nv,nv,0.9998
./images/nv/image6587.JPG,nv,nv,0.8314
./images/nv/image1728.JPG,nv,nv,0.9672
./images/nv/image2818.JPG,nv,nv,0.9997
./images/bkl/image2139.JPG,bkl,bkl,0.471
./images/nv/image9889.JPG,nv,nv,0.5727
./images/mel/image8633.JPG,mel,mel,0.598
./images/nv/image897.JPG,nv,nv,0.9888
./images/bkl/image572.JPG,bkl,bkl,0.2148
./images/nv/image1220.JPG,nv,nv,0.6732
./images/bcc/image2134.JPG,bcc,akiec,0.4473
./images/nv/image3575.JPG,nv,nv,0.9991
./images/nv/image5324.JPG,nv,nv,0.9953
./images/nv/image1151.JPG,nv,nv,0.9765
./images/nv/image8148.JPG,nv,nv,0.963
./images/nv/image2680.JPG,nv,nv,0.9989
./images/nv/image8282.JPG,nv,nv,0.8362
./images/nv/image4273.JPG,nv,bcc,0.4851
./images/nv/image568.JPG,nv,nv,0.9991
./images/nv/image4197.JPG,nv,nv,0.9994
./images/nv/image7419.JPG,nv,nv,0.9825
./images/nv/image9242.JPG,nv,nv,0.8831
./images/nv/image5060.JPG,nv,nv,0.9836
./images/mel/image963.JPG,mel,bkl,0.3963
./images/vasc/image5765.JPG,vasc,nv,0.9849
./images/nv/image3444.JPG,nv,nv,0.9994
./images/nv/image9050.JPG,nv,nv,0.8587
./images/nv/image9279.JPG,nv,nv,0.4885
./images/mel/image9063.JPG,mel,nv,0.9776
./images/mel/image2899.JPG,mel,mel,0.5043
./images/nv/image6963.JPG,nv,nv,0.9151
./images/bkl/image7701.JPG,bkl,bkl,0.5256
./images/bcc/image4278.JPG,bcc,akiec,0.3804
./images/nv/image6349.JPG,nv,nv,0.8464
./images/bkl/image5921.JPG,bkl,nv,0.3931
./images/nv/image3294.JPG,nv,nv,0.9973
./images/mel/image9840.JPG,mel,nv,0.8583
./images/nv/image7958.JPG,nv,nv,0.9955
./images/bkl/image5283.JPG,bkl,nv,0.5334
./images/nv/image1591.JPG,nv,nv,0.9997
./images/mel/image2948.JPG,mel,nv,0.4603
./images/akiec/image5195.JPG,akiec,akiec,0.4677
./images/nv/image225.JPG,nv,nv,0.901
./images/nv/image7751.JPG,nv,nv,0.9969
./images/bcc/image1078.JPG,bcc,bcc,0.2744
./images/nv/image3355.JPG,nv,nv,0.999
./images/bkl/image1546.JPG,bkl,mel,0.4578
./images/nv/image5676.JPG,nv,nv,0.9947
./images/nv/image5463.JPG,nv,nv,0.9963
./images/bkl/image3611.JPG,bkl,nv,0.713
./images/bkl/image2653.JPG,bkl,mel,0.3765
./images/mel/image8305.JPG,mel,nv,0.8476
./images/nv/image233.JPG,nv,nv,0.5013
./images/nv/image7307.JPG,nv,nv,0.7765
./images/vasc/image1301.JPG,vasc,nv,0.3655
./images/mel/image1058.JPG,mel,bkl,0.401
./images/nv/image5623.JPG,nv,nv,0.9997
./images/nv/image8991.JPG,nv,nv,0.9471
./images/mel/image8379.JPG,mel,mel,0.5299
./images/nv/image3332.JPG,nv,nv,0.9994
./images/nv/image6172.JPG,nv,nv,0.9694
./images/bkl/image9991.JPG,bkl,nv,0.5027
./images/bkl/image1802.JPG,bkl,nv,0.8659
./images/nv/image1748.JPG,nv,mel,0.5438
./images/nv/image6570.JPG,nv,nv,0.9981
./images/nv/image2710.JPG,nv,nv,0.9919
./images/nv/image2833.JPG,nv,nv,0.7226
./images/bkl/image7854.JPG,bkl,akiec,0.3316
./images/nv/image1374.JPG,nv,nv,0.9327
./images/nv/image4141.JPG,nv,nv,0.9929
./images/nv/image1692.JPG,nv,nv,0.9839
./images/mel/image2469.JPG,mel,nv,0.8792
./images/bkl/image5465.JPG,bkl,nv,0.44
./images/bkl/image8894.JPG,bkl,bkl,0.5248
./images/nv/image6438.JPG,nv,nv,0.8744
./images/vasc/image9664.JPG,vasc,nv,0.4803
./images/bkl/image3146.JPG,bkl,bkl,0.5939
./images/bkl/image7144.JPG,bkl,bcc,0.2803
./images/bkl/image1679.JPG,bkl,nv,0.4886
./images/nv/image9848.JPG,nv,nv,0.3548
./images/nv/image4227.JPG,nv,nv,0.9898
./images/nv/image9610.JPG,nv,nv,0.9428
./images/nv/image256.JPG,nv,nv,0.9187
./images/akiec/image7868.JPG,akiec,bcc,0.3303
./images/nv/image4500.JPG,nv,nv,0.9381
./images/nv/image3829.JPG,nv,nv,0.9978
./images/bkl/image8890.JPG,bkl,nv,0.6492
./images/df/image7809.JPG,df,bkl,0.4642
./images/nv/image8037.JPG,nv,nv,0.9324
./images/nv/image2847.JPG,nv,nv,0.8586
./images/nv/image3411.JPG,nv,nv,0.99
./images/nv/image6188.JPG,nv,nv,0.9982
./images/nv/image7173.JPG,nv,nv,0.995
./images/bkl/image2701.JPG,bkl,mel,0.4355
./images/bkl/image8389.JPG,bkl,mel,0.4212
./images/nv/image9434.JPG,nv,nv,0.5506
./images/nv/image9432.JPG,nv,nv,0.8239
./images/nv/image1148.JPG,nv,nv,0.7907
./images/bkl/image4571.JPG,bkl,bcc,0.359
./images/nv/image471.JPG,nv,nv,0.9602
./images/mel/image9906.JPG,mel,nv,0.8402
./images/vasc/image7645.JPG,vasc,nv,0.6467
./images/nv/image5232.JPG,nv,nv,0.503
./images/nv/image2765.JPG,nv,nv,0.9891
./images/nv/image7271.JPG,nv,nv,0.9953
./images/nv/image3338.JPG,nv,nv,0.6217
./images/df/image7833.JPG,df,bcc,0.3148
./images/mel/image9675.JPG,mel,nv,0.7764
./images/nv/image4640.JPG,nv,nv,0.8455
./images/bkl/image8571.JPG,bkl,nv,0.7299
./images/bkl/image9002.JPG,bkl,bkl,0.4432
./images/nv/image9582.JPG,nv,nv,0.8987
./images/bkl/image7966.JPG,bkl,nv,0.4621
./images/nv/image6298.JPG,nv,bkl,0.5219
./images/akiec/image5555.JPG,akiec,mel,0.4295
./images/nv/image9993.JPG,nv,nv,0.7938
./images/nv/image6917.JPG,nv,nv,0.67
./images/nv/image8910.JPG,nv,nv,0.7636
./images/mel/image890.JPG,mel,mel,0.5695
./images/nv/image2983.JPG,nv,nv,0.9994
./images/mel/image9357.JPG,mel,nv,0.9435
./images/mel/image9346.JPG,mel,nv,0.5818
./images/mel/image4455.JPG,mel,nv,0.9977
./images/nv/image3660.JPG,nv,nv,0.9889
./images/mel/image9573.JPG,mel,mel,0.4161
./images/nv/image4528.JPG,nv,nv,0.9982
./images/nv/image8978.JPG,nv,nv,0.7053
./images/nv/image6486.JPG,nv,nv,0.9937
./images/bcc/image1513.JPG,bcc,bcc,0.4901
./images/nv/image6705.JPG,nv,nv,0.9944
./images/bcc/image6967.JPG,bcc,akiec,0.2542
./images/nv/image6175.JPG,nv,nv,0.9312
./images/nv/image6942.JPG,nv,nv,0.9706
./images/nv/image2903.JPG,nv,nv,0.8923
./images/nv/image1263.JPG,nv,nv,0.8261
./images/nv/image2667.JPG,nv,nv,0.9538
./images/nv/image5930.JPG,nv,nv,0.9728
./images/nv/image6065.JPG,nv,nv,0.7248
./images/nv/image1013.JPG,nv,nv,0.9391
./images/nv/image9098.JPG,nv,nv,0.8892
./images/nv/image5629.JPG,nv,nv,0.9976
./images/nv/image8889.JPG,nv,nv,0.7375
./images/nv/image6941.JPG,nv,nv,0.9994
./images/nv/image6365.JPG,nv,nv,0.9986
./images/nv/image7565.JPG,nv,nv,0.983
./images/nv/image1186.JPG,nv,nv,0.4825
./images/bkl/image7251.JPG,bkl,mel,0.4833
./images/mel/image5286.JPG,mel,mel,0.3947
./images/nv/image3291.JPG,nv,nv,0.903
./images/bcc/image4502.JPG,bcc,bcc,0.529
./images/nv/image8854.JPG,nv,nv,0.9044
./images/nv/image8149.JPG,nv,nv,0.9828
./images/nv/image1939.JPG,nv,nv,0.9938
./images/nv/image9188.JPG,nv,nv,0.501
./images/mel/image8281.JPG,mel,mel,0.6295
./images/nv/image9638.JPG,nv,nv,0.4925
./images/nv/image8005.JPG,nv,nv,0.8521
./images/bkl/image7091.JPG,bkl,nv,0.7177
./images/nv/image6709.JPG,nv,nv,0.9303
./images/vasc/image1147.JPG,vasc,nv,0.6573
./images/nv/image8135.JPG,nv,nv,0.9893
./images/nv/image9869.JPG,nv,nv,0.6994
./images/nv/image7722.JPG,nv,nv,0.8129
./images/nv/image134.JPG,nv,nv,0.9621
./images/nv/image8255.JPG,nv,mel,0.6508
./images/nv/image3723.JPG,nv,nv,0.9953
./images/nv/image9831.JPG,nv,nv,0.7313
./images/nv/image3041.JPG,nv,nv,0.4084
./images/akiec/image877.JPG,akiec,bcc,0.3644
./images/nv/image2394.JPG,nv,nv,0.9934
./images/nv/image740.JPG,nv,nv,0.8067
./images/bkl/image9315.JPG,bkl,nv,0.7846
./images/nv/image379.JPG,nv,bkl,0.5323
./images/nv/image5383.JPG,nv,nv,0.9871
./images/bcc/image543.JPG,bcc,mel,0.3871
./images/nv/image7825.JPG,nv,nv,0.9953
./images/nv/image8353.JPG,nv,bcc,0.2199
./images/nv/image1242.JPG,nv,nv,0.5092
./images/nv/image9518.JPG,nv,nv,0.9086
./images/mel/image6884.JPG,mel,bcc,0.3138
./images/nv/image7959.JPG,nv,nv,0.8904
./images/nv/image6437.JPG,nv,mel,0.4616
./images/nv/image5997.JPG,nv,nv,0.9487
./images/nv/image9527.JPG,nv,mel,0.4873
./images/nv/image4504.JPG,nv,nv,0.956
./images/mel/image3256.JPG,mel,bkl,0.5744
./images/nv/image2634.JPG,nv,nv,0.9772
./images/bkl/image8025.JPG,bkl,bkl,0.3273
./images/nv/image9755.JPG,nv,nv,0.6386
./images/bkl/image5091.JPG,bkl,nv,0.6786
./images/nv/image7487.JPG,nv,nv,0.9973
./images/nv/image8454.JPG,nv,nv,0.7409
./images/nv/image4422.JPG,nv,nv,0.9987
./images/nv/image5648.JPG,nv,nv,0.7796
./images/mel/image3023.JPG,mel,bkl,0.6159
./images/nv/image063.JPG,nv,nv,0.994
./images/nv/image6871.JPG,nv,nv,0.9991
./images/mel/image9984.JPG,mel,nv,0.7762
./images/nv/image5812.JPG,nv,nv,0.925
./images/mel/image9281.JPG,mel,nv,0.5922
./images/nv/image4046.JPG,nv,nv,0.9805
./images/bkl/image8383.JPG,bkl,akiec,0.4199
./images/nv/image2462.JPG,nv,nv,0.7549
./images/nv/image556.JPG,nv,nv,0.7897
./images/nv/image6526.JPG,nv,nv,0.9912
./images/nv/image9421.JPG,nv,nv,0.9827
./images/bkl/image6671.JPG,bkl,bcc,0.3535
./images/mel/image1781.JPG,mel,mel,0.7275
./images/nv/image4851.JPG,nv,nv,0.9703
./images/bkl/image8313.JPG,bkl,nv,0.6934
./images/bkl/image578.JPG,bkl,nv,0.9564
./images/nv/image4883.JPG,nv,nv,0.7309
./images/nv/image6469.JPG,nv,nv,0.8884
./images/nv/image2979.JPG,nv,nv,0.9224
./images/nv/image1350.JPG,nv,nv,0.9534
./images/nv/image4642.JPG,nv,nv,0.9815
./images/nv/image5530.JPG,nv,nv,0.837
./images/nv/image1738.JPG,nv,nv,0.7536
./images/bkl/image7253.JPG,bkl,nv,0.5233
./images/nv/image8639.JPG,nv,nv,0.9473
./images/nv/image1275.JPG,nv,nv,0.9996
./images/mel/image241.JPG,mel,bkl,0.3934
./images/mel/image8982.JPG,mel,mel,0.3826
./images/mel/image7212.JPG,mel,nv,0.4803
./images/mel/image2491.JPG,mel,nv,0.4034
./images/bkl/image2748.JPG,bkl,nv,0.4424
./images/bcc/image5036.JPG,bcc,nv,0.4257
./images/mel/image9215.JPG,mel,mel,0.5418
./images/nv/image7114.JPG,nv,nv,0.9989
./images/akiec/image6350.JPG,akiec,akiec,0.4183
./images/akiec/image3373.JPG,akiec,akiec,0.2726
./images/nv/image5469.JPG,nv,nv,0.9998
./images/nv/image4892.JPG,nv,nv,0.9847
./images/bkl/image1854.JPG,bkl,nv,0.4862
./images/akiec/image7518.JPG,akiec,akiec,0.3994
./images/nv/image8480.JPG,nv,nv,0.8799
./images/bkl/image6331.JPG,bkl,nv,0.7708
./images/vasc/image8726.JPG,vasc,nv,0.4688
./images/bkl/image3816.JPG,bkl,bkl,0.6066
./images/nv/image068.JPG,nv,nv,0.9976
./images/nv/image2906.JPG,nv,nv,0.7378
./images/nv/image3930.JPG,nv,nv,0.3904
./images/bkl/image9177.JPG,bkl,bkl,0.4715
./images/nv/image8577.JPG,nv,nv,0.972
./images/nv/image4820.JPG,nv,nv,0.9985
./images/nv/image589.JPG,nv,nv,0.993
./images/nv/image1824.JPG,nv,nv,0.9989
./images/nv/image4453.JPG,nv,bkl,0.6643
./images/bkl/image141.JPG,bkl,bkl,0.6939
./images/nv/image8588.JPG,nv,nv,0.5794
./images/nv/image6699.JPG,nv,nv,0.9977
./images/nv/image6742.JPG,nv,nv,0.9932
./images/nv/image1280.JPG,nv,nv,0.9771
./images/nv/image2164.JPG,nv,nv,0.9993
./images/bkl/image4535.JPG,bkl,mel,0.3548
./images/nv/image9540.JPG,nv,nv,0.8874
./images/bkl/image8965.JPG,bkl,nv,0.5742
./images/nv/image7858.JPG,nv,nv,0.7958
./images/nv/image2400.JPG,nv,nv,0.632
./images/vasc/image5970.JPG,vasc,nv,0.803
./images/nv/image2177.JPG,nv,nv,0.9967
./images/nv/image6692.JPG,nv,nv,0.9728
./images/mel/image2874.JPG,mel,akiec,0.3009
./images/bkl/image2712.JPG,bkl,mel,0.4012
./images/nv/image602.JPG,nv,nv,0.9605
./images/nv/image4464.JPG,nv,nv,0.9995
./images/nv/image4484.JPG,nv,nv,0.9987
./images/nv/image3825.JPG,nv,nv,0.8295
./images/nv/image7757.JPG,nv,nv,0.9981
./images/nv/image3679.JPG,nv,nv,0.8364
./images/nv/image3956.JPG,nv,mel,0.4567
./images/nv/image5380.JPG,nv,nv,0.993
./images/akiec/image6987.JPG,akiec,bcc,0.2897
./images/nv/image5374.JPG,nv,mel,0.4785
./images/nv/image6391.JPG,nv,nv,0.9549
./images/nv/image4924.JPG,nv,nv,0.9972
./images/bcc/image2683.JPG,bcc,akiec,0.2897
./images/bkl/image8208.JPG,bkl,nv,0.5285
./images/nv/image2734.JPG,nv,nv,0.9932
./images/mel/image8351.JPG,mel,bkl,0.5458
./images/bkl/image6064.JPG,bkl,bkl,0.3015
./images/nv/image6362.JPG,nv,nv,0.9516
./images/bcc/image3240.JPG,bcc,akiec,0.4817
./images/mel/image7714.JPG,mel,nv,0.5741
./images/nv/image4394.JPG,nv,nv,0.9183
./images/nv/image6106.JPG,nv,nv,0.9966
./images/nv/image2366.JPG,nv,nv,0.7718
./images/mel/image9019.JPG,mel,mel,0.5571
./images/mel/image9766.JPG,mel,nv,0.7321
./images/mel/image9836.JPG,mel,nv,0.5495
./images/nv/image5176.JPG,nv,nv,0.9192
./images/mel/image800.JPG,mel,mel,0.6399
./images/nv/image4235.JPG,nv,nv,0.8536
./images/bkl/image7334.JPG,bkl,bkl,0.6688
./images/nv/image9291.JPG,nv,bkl,0.3871
./images/nv/image8023.JPG,nv,nv,0.7739
./images/nv/image2398.JPG,nv,nv,0.9995
./images/nv/image9772.JPG,nv,nv,0.8401
./images/bkl/image6660.JPG,bkl,bkl,0.3515
./images/df/image9249.JPG,df,bcc,0.3035
./images/nv/image7317.JPG,nv,nv,0.5405
./images/bkl/image066.JPG,bkl,nv,0.8878
./images/nv/image2403.JPG,nv,nv,0.9827
./images/nv/image3396.JPG,nv,nv,0.9977
./images/bcc/image1887.JPG,bcc,nv,0.5621
./images/nv/image4737.JPG,nv,nv,0.9983
./images/nv/image760.JPG,nv,nv,0.6515
./images/bkl/image4049.JPG,bkl,bkl,0.4729
./images/akiec/image165.JPG,akiec,bkl,0.344
./images/nv/image5651.JPG,nv,nv,0.9983
./images/nv/image061.JPG,nv,nv,0.8539
./images/nv/image7200.JPG,nv,nv,0.9838
./images/akiec/image5731.JPG,akiec,bcc,0.3226
./images/nv/image9034.JPG,nv,nv,0.9306
./images/mel/image8616.JPG,mel,mel,0.3039
./images/nv/image8087.JPG,nv,nv,0.9989
./images/akiec/image6182.JPG,akiec,nv,0.4533
./images/bcc/image7880.JPG,bcc,bcc,0.4998
./images/nv/image5846.JPG,nv,bkl,0.6945
./images/nv/image3409.JPG,nv,nv,0.8272
./images/bkl/image9619.JPG,bkl,nv,0.7046
./images/nv/image3537.JPG,nv,nv,0.9766
./images/nv/image2277.JPG,nv,nv,0.9989
./images/nv/image811.JPG,nv,nv,0.9486
./images/nv/image6873.JPG,nv,bcc,0.7094
./images/nv/image5453.JPG,nv,nv,0.9865
./images/nv/image4837.JPG,nv,nv,0.9917
./images/mel/image9094.JPG,mel,nv,0.8465
./images/bkl/image4341.JPG,bkl,bkl,0.4595
./images/bkl/image4946.JPG,bkl,nv,0.5761
./images/nv/image2638.JPG,nv,nv,0.9958
./images/nv/image6073.JPG,nv,bcc,0.3403
./images/nv/image8138.JPG,nv,nv,0.7397
./images/nv/image1747.JPG,nv,nv,0.4729
./images/bkl/image9202.JPG,bkl,nv,0.5407
./images/nv/image2940.JPG,nv,nv,0.9995
./images/nv/image460.JPG,nv,nv,0.9969
./images/nv/image6258.JPG,nv,nv,0.9792
./images/nv/image8131.JPG,nv,nv,0.7871
./images/bkl/image725.JPG,bkl,bcc,0.3424
./images/nv/image1482.JPG,nv,nv,0.9971
./images/bkl/image5471.JPG,bkl,bkl,0.7372
./images/nv/image2085.JPG,nv,nv,0.9985
./images/df/image7039.JPG,df,bcc,0.3034
./images/nv/image7018.JPG,nv,nv,0.8081
./images/nv/image5691.JPG,nv,nv,0.9971
./images/nv/image4849.JPG,nv,nv,0.9986
./images/nv/image6514.JPG,nv,nv,0.9695
./images/bcc/image4372.JPG,bcc,bcc,0.3533
./images/mel/image8881.JPG,mel,nv,0.7341
./images/nv/image7609.JPG,nv,nv,0.9963
./images/nv/image485.JPG,nv,nv,0.8091
./images/bkl/image7295.JPG,bkl,bkl,0.3838
./images/nv/image8775.JPG,nv,nv,0.8574
./images/nv/image3694.JPG,nv,nv,0.95
./images/mel/image005.JPG,mel,mel,0.6772
./images/akiec/image959.JPG,akiec,mel,0.4496
./images/bkl/image8350.JPG,bkl,nv,0.4442
./images/nv/image1041.JPG,nv,nv,0.9437
./images/bkl/image7372.JPG,bkl,akiec,0.2584
./images/nv/image2350.JPG,nv,nv,0.801
./images/nv/image8560.JPG,nv,nv,0.9722
./images/mel/image8994.JPG,mel,mel,0.6834
./images/nv/image9269.JPG,nv,nv,0.9347
./images/nv/image2819.JPG,nv,nv,0.9803
./images/nv/image9774.JPG,nv,nv,0.9382
./images/bcc/image1225.JPG,bcc,bcc,0.4656
./images/nv/image8790.JPG,nv,nv,0.7752
./images/mel/image9701.JPG,mel,nv,0.7592
./images/nv/image5428.JPG,nv,nv,0.8508
./images/bkl/image7402.JPG,bkl,nv,0.7208
./images/nv/image7022.JPG,nv,nv,0.9846
./images/nv/image7303.JPG,nv,nv,0.9842
./images/nv/image4120.JPG,nv,nv,0.8567
./images/nv/image2615.JPG,nv,nv,0.9899
./images/nv/image554.JPG,nv,nv,0.9968
./images/nv/image3167.JPG,nv,nv,0.9705
./images/nv/image1326.JPG,nv,nv,0.867
./images/nv/image1201.JPG,nv,nv,0.954
./images/nv/image9137.JPG,nv,nv,0.7772
./images/nv/image9312.JPG,nv,nv,0.7183
./images/nv/image7990.JPG,nv,nv,0.9959
./images/nv/image3711.JPG,nv,nv,0.6274
./images/nv/image731.JPG,nv,nv,0.9976
./images/bkl/image1532.JPG,bkl,bcc,0.301
./images/akiec/image4425.JPG,akiec,bkl,0.3951
./images/mel/image7189.JPG,mel,nv,0.756
./images/nv/image2502.JPG,nv,nv,0.9678
./images/bcc/image6495.JPG,bcc,mel,0.355
./images/nv/image4758.JPG,nv,nv,0.9943
./images/nv/image1043.JPG,nv,nv,0.9921
./images/nv/image5639.JPG,nv,nv,0.9979
./images/nv/image2483.JPG,nv,nv,0.9822
./images/nv/image799.JPG,nv,nv,0.9761
./images/bcc/image4925.JPG,bcc,nv,0.8101
./images/mel/image1784.JPG,mel,nv,0.7893
./images/nv/image5803.JPG,nv,nv,0.9976
./images/nv/image6937.JPG,nv,nv,0.9962
./images/nv/image1313.JPG,nv,nv,0.479
./images/bkl/image4282.JPG,bkl,nv,0.7779
./images/nv/image6597.JPG,nv,nv,0.9913
./images/nv/image7695.JPG,nv,nv,0.9976
./images/nv/image1175.JPG,nv,nv,0.9815
./images/bcc/image3817.JPG,bcc,nv,0.5512
./images/nv/image2308.JPG,nv,nv,0.8965
./images/bcc/image4778.JPG,bcc,nv,0.4249
./images/nv/image1870.JPG,nv,nv,0.9299
./images/nv/image7903.JPG,nv,nv,0.9986
./images/nv/image2056.JPG,nv,nv,0.9988
./images/nv/image7597.JPG,nv,nv,0.9996
./images/bkl/image9863.JPG,bkl,nv,0.4743
./images/mel/image7337.JPG,mel,nv,0.4745
./images/nv/image071.JPG,nv,nv,0.9901
./images/bkl/image576.JPG,bkl,bcc,0.3424
./images/nv/image6764.JPG,nv,nv,0.9957
./images/nv/image6794.JPG,nv,nv,0.9899
./images/df/image7004.JPG,df,bcc,0.7472
./images/mel/image1226.JPG,mel,bkl,0.6914
./images/bkl/image1243.JPG,bkl,nv,0.4446
./images/nv/image1608.JPG,nv,nv,0.9992
./images/akiec/image9231.JPG,akiec,bcc,0.5153
./images/bkl/image3649.JPG,bkl,nv,0.9705
./images/bkl/image4345.JPG,bkl,akiec,0.3582
./images/nv/image5707.JPG,nv,nv,0.9998
./images/nv/image3377.JPG,nv,nv,0.9706
./images/bcc/image1204.JPG,bcc,nv,0.8074
./images/nv/image1292.JPG,nv,nv,0.8198
./images/nv/image1782.JPG,nv,nv,0.9833
./images/nv/image8426.JPG,nv,nv,0.902
./images/nv/image756.JPG,nv,nv,0.9595
./images/nv/image3073.JPG,nv,nv,0.9759
./images/nv/image6336.JPG,nv,nv,0.9989
./images/bkl/image6439.JPG,bkl,nv,0.7783
./images/nv/image5085.JPG,nv,nv,0.9126
./images/mel/image4200.JPG,mel,nv,0.6859
./images/mel/image7960.JPG,mel,nv,0.5861
./images/nv/image294.JPG,nv,nv,0.9468
./images/nv/image5031.JPG,nv,nv,0.9765
./images/nv/image8883.JPG,nv,nv,0.8224
./images/nv/image6869.JPG,nv,nv,0.998
./images/nv/image7203.JPG,nv,nv,0.9991
./images/df/image6137.JPG,df,nv,0.4278
./images/nv/image3557.JPG,nv,nv,0.9993
./images/bcc/image2137.JPG,bcc,akiec,0.3339
./images/mel/image5207.JPG,mel,bcc,0.2752
./images/nv/image6761.JPG,nv,nv,0.9869
./images/bcc/image3693.JPG,bcc,nv,0.6194
./images/nv/image6292.JPG,nv,nv,0.7439
./images/nv/image579.JPG,nv,nv,0.9792
./images/nv/image7311.JPG,nv,nv,0.9996
./images/nv/image9943.JPG,nv,nv,0.8944
./images/nv/image4651.JPG,nv,nv,0.9995
./images/nv/image5952.JPG,nv,nv,0.9963
./images/nv/image3688.JPG,nv,nv,0.9994
./images/bkl/image367.JPG,bkl,bkl,0.6125
./images/nv/image5317.JPG,nv,nv,0.9749
./images/bcc/image9163.JPG,bcc,nv,0.5065
./images/bkl/image4690.JPG,bkl,nv,0.7789
./images/mel/image1145.JPG,mel,nv,0.8122
./images/nv/image1615.JPG,nv,nv,0.9983
./images/nv/image5770.JPG,nv,nv,0.9988
./images/mel/image9195.JPG,mel,nv,0.5306
./images/mel/image1450.JPG,mel,mel,0.6059
./images/nv/image7010.JPG,nv,nv,0.9965
./images/nv/image8160.JPG,nv,nv,0.9987
./images/nv/image4343.JPG,nv,nv,0.8607
./images/nv/image036.JPG,nv,nv,0.999
./images/mel/image9782.JPG,mel,nv,0.6781
./images/nv/image474.JPG,nv,nv,0.9711
./images/nv/image3631.JPG,nv,nv,0.9576
./images/bkl/image6982.JPG,bkl,nv,0.7489
./images/nv/image4138.JPG,nv,nv,0.9941
./images/nv/image1717.JPG,nv,nv,0.9069
./images/vasc/image1402.JPG,vasc,nv,0.6933
./images/nv/image4616.JPG,nv,nv,0.9979
./images/nv/image7556.JPG,nv,nv,0.9503
./images/nv/image9926.JPG,nv,bkl,0.5428
./images/bkl/image4245.JPG,bkl,nv,0.5346
./images/nv/image1155.JPG,nv,nv,0.9969
./images/nv/image1664.JPG,nv,nv,0.9964
./images/nv/image2124.JPG,nv,akiec,0.2966
./images/nv/image8827.JPG,nv,nv,0.4602
./images/nv/image6992.JPG,nv,nv,0.8386
./images/bcc/image9061.JPG,bcc,bcc,0.3831
./images/nv/image1003.JPG,nv,nv,0.9996
./images/nv/image5672.JPG,nv,nv,0.9997
./images/nv/image3056.JPG,nv,nv,0.4957
./images/nv/image5299.JPG,nv,nv,0.9593
./images/mel/image1650.JPG,mel,nv,0.8446
./images/bcc/image2540.JPG,bcc,bkl,0.2895
./images/nv/image5664.JPG,nv,nv,0.9956
./images/akiec/image6893.JPG,akiec,bkl,0.2827
./images/mel/image3517.JPG,mel,bkl,0.5148
./images/nv/image1910.JPG,nv,bkl,0.3752
./images/nv/image3828.JPG,nv,nv,0.9993
./images/nv/image8330.JPG,nv,nv,0.9617
./images/nv/image6245.JPG,nv,nv,0.9107
./images/nv/image1039.JPG,nv,nv,0.9961
./images/bkl/image8043.JPG,bkl,bkl,0.3387
./images/bcc/image4973.JPG,bcc,bcc,0.3605
./images/bkl/image436.JPG,bkl,nv,0.5938
./images/nv/image4123.JPG,nv,nv,0.9989
./images/mel/image5906.JPG,mel,mel,0.505
./images/mel/image7603.JPG,mel,nv,0.9777
./images/bcc/image6790.JPG,bcc,nv,0.2329
./images/nv/image5602.JPG,nv,nv,0.9996
./images/nv/image8623.JPG,nv,nv,0.7408
./images/nv/image8368.JPG,nv,nv,0.9039
./images/df/image5657.JPG,df,bcc,0.5638
./images/bcc/image8231.JPG,bcc,bcc,0.4096
./images/nv/image4292.JPG,nv,nv,0.9666
./images/nv/image7789.JPG,nv,nv,0.9918
./images/mel/image319.JPG,mel,bkl,0.3971
./images/nv/image5492.JPG,nv,nv,0.9994
./images/nv/image388.JPG,nv,nv,0.9946
./images/nv/image6560.JPG,nv,nv,0.9961
./images/nv/image870.JPG,nv,nv,0.8879
./images/nv/image3122.JPG,nv,nv,0.7745
./images/nv/image1248.JPG,nv,nv,0.4595
./images/vasc/image5978.JPG,vasc,bcc,0.3199
./images/nv/image7826.JPG,nv,nv,0.999
./images/nv/image5088.JPG,nv,nv,0.6378
./images/nv/image5460.JPG,nv,nv,0.9387
./images/nv/image9531.JPG,nv,nv,0.955
./images/nv/image3773.JPG,nv,nv,0.9944
./images/nv/image7919.JPG,nv,nv,0.9938
./images/nv/image2582.JPG,nv,nv,0.8671
./images/nv/image2003.JPG,nv,nv,0.9984
./images/nv/image10004.JPG,nv,nv,0.8394
./images/nv/image1775.JPG,nv,nv,0.9152
./images/nv/image1047.JPG,nv,nv,0.7309
./images/nv/image584.JPG,nv,nv,0.9969
./images/nv/image5461.JPG,nv,nv,0.9584
./images/nv/image4142.JPG,nv,nv,0.7972
./images/nv/image1788.JPG,nv,nv,0.9993
./images/nv/image6506.JPG,nv,nv,0.9985
./images/mel/image5393.JPG,mel,nv,0.703
./images/nv/image9949.JPG,nv,bkl,0.2919
./images/nv/image6778.JPG,nv,nv,0.9995
./images/nv/image3298.JPG,nv,nv,0.8421
./images/nv/image8433.JPG,nv,nv,0.576
./images/nv/image5620.JPG,nv,nv,0.9951
./images/nv/image4646.JPG,nv,nv,0.9365
./images/nv/image1879.JPG,nv,nv,0.997
./images/mel/image451.JPG,mel,nv,0.34
./images/akiec/image3272.JPG,akiec,bkl,0.3589
./images/nv/image523.JPG,nv,nv,0.9995
./images/nv/image9122.JPG,nv,nv,0.7614
./images/nv/image4270.JPG,nv,nv,0.9994
./images/nv/image3589.JPG,nv,nv,0.9953
./images/mel/image8535.JPG,mel,nv,0.4442
./images/nv/image1223.JPG,nv,nv,0.9958
./images/nv/image8634.JPG,nv,nv,0.8885
./images/nv/image6197.JPG,nv,nv,0.9981
./images/bcc/image4896.JPG,bcc,bcc,0.4337
./images/nv/image7511.JPG,nv,nv,0.9987
./images/nv/image4588.JPG,nv,nv,0.9857
./images/akiec/image8695.JPG,akiec,bkl,0.3138
./images/nv/image282.JPG,nv,nv,0.6285
./images/nv/image1987.JPG,nv,nv,0.9914
./images/nv/image889.JPG,nv,nv,0.9987
./images/nv/image9385.JPG,nv,nv,0.9468
./images/mel/image7252.JPG,mel,nv,0.8006
./images/bcc/image5047.JPG,bcc,nv,0.3575
./images/bcc/image8124.JPG,bcc,nv,0.5219
./images/nv/image5961.JPG,nv,nv,0.983
./images/nv/image6996.JPG,nv,nv,0.5392
./images/nv/image3413.JPG,nv,nv,0.5382
./images/bkl/image9860.JPG,bkl,nv,0.6547
./images/bcc/image490.JPG,bcc,bkl,0.3432
./images/nv/image814.JPG,nv,nv,0.9907
./images/nv/image5189.JPG,nv,nv,0.998
./images/bkl/image1214.JPG,bkl,bkl,0.5988
./images/nv/image9347.JPG,nv,nv,0.8077
./images/nv/image3905.JPG,nv,nv,0.8025
./images/bcc/image5219.JPG,bcc,bcc,0.3661
./images/nv/image3351.JPG,nv,nv,0.948
./images/vasc/image9891.JPG,vasc,nv,0.7124
./images/nv/image3121.JPG,nv,nv,0.9993
./images/bkl/image2970.JPG,bkl,nv,0.6299
./images/nv/image3695.JPG,nv,nv,0.9982
./images/nv/image8201.JPG,nv,nv,0.4046
./images/nv/image5675.JPG,nv,nv,0.9989
./images/nv/image7060.JPG,nv,nv,0.9941
./images/nv/image6195.JPG,nv,nv,0.9912
./images/nv/image2259.JPG,nv,nv,0.9992
./images/nv/image7399.JPG,nv,nv,0.9999
./images/bkl/image2318.JPG,bkl,mel,0.6842
./images/nv/image5495.JPG,nv,nv,0.9996
./images/nv/image6848.JPG,nv,nv,0.999
./images/nv/image2533.JPG,nv,nv,0.9863
./images/nv/image6515.JPG,nv,nv,0.9756
./images/nv/image4602.JPG,nv,nv,0.9946
./images/nv/image8508.JPG,nv,nv,0.8034
./images/nv/image9775.JPG,nv,nv,0.7221
./images/nv/image7427.JPG,nv,nv,0.9979
./images/nv/image5001.JPG,nv,nv,0.8865
./images/nv/image6611.JPG,nv,nv,0.9988
./images/nv/image9519.JPG,nv,nv,0.9533
./images/bcc/image5594.JPG,bcc,bkl,0.3899
./images/akiec/image1063.JPG,akiec,bcc,0.2988
./images/nv/image2557.JPG,nv,nv,0.9954
./images/akiec/image5838.JPG,akiec,bcc,0.4755
./images/nv/image9826.JPG,nv,nv,0.7193
./images/nv/image505.JPG,nv,nv,0.9935
./images/nv/image308.JPG,nv,nv,0.9976
./images/bcc/image7671.JPG,bcc,akiec,0.2651
./images/nv/image3359.JPG,nv,nv,0.9998
./images/nv/image5615.JPG,nv,nv,0.9387
./images/mel/image9497.JPG,mel,nv,0.795
./images/bkl/image5369.JPG,bkl,nv,0.5585
./images/nv/image1994.JPG,nv,nv,0.9255
./images/akiec/image3462.JPG,akiec,nv,0.3697
./images/nv/image8632.JPG,nv,bkl,0.3324
./images/nv/image4006.JPG,nv,nv,0.8844
./images/nv/image5565.JPG,nv,nv,0.9527
./images/mel/image4542.JPG,mel,mel,0.3896
./images/bkl/image676.JPG,bkl,nv,0.6547
./images/bkl/image4803.JPG,bkl,bkl,0.5336
./images/nv/image2237.JPG,nv,nv,0.9815
./images/nv/image7501.JPG,nv,nv,0.5137
./images/bkl/image5271.JPG,bkl,mel,0.4911
./images/nv/image9414.JPG,nv,nv,0.9368
./images/nv/image6167.JPG,nv,nv,0.9984
./images/nv/image1674.JPG,nv,nv,0.8965
./images/nv/image5224.JPG,nv,nv,0.9174
./images/mel/image8719.JPG,mel,bcc,0.5091
./images/nv/image3852.JPG,nv,nv,0.999
./images/nv/image3997.JPG,nv,nv,0.822
./images/nv/image9568.JPG,nv,nv,0.8565
./images/nv/image5745.JPG,nv,nv,0.9806
./images/bcc/image9855.JPG,bcc,bcc,0.4658
./images/nv/image4554.JPG,nv,nv,0.8792
./images/nv/image4543.JPG,nv,nv,0.9796
./images/nv/image1060.JPG,nv,nv,0.9784
./images/nv/image5717.JPG,nv,nv,0.998
./images/nv/image2391.JPG,nv,nv,0.9998
./images/nv/image693.JPG,nv,nv,0.9029
./images/bcc/image7221.JPG,bcc,bcc,0.333
./images/nv/image6868.JPG,nv,nv,0.9983
./images/nv/image790.JPG,nv,nv,0.9975
./images/nv/image7796.JPG,nv,nv,0.9998
./images/nv/image3701.JPG,nv,nv,0.9983
./images/nv/image7505.JPG,nv,nv,0.9894
./images/bkl/image4890.JPG,bkl,nv,0.903
./images/nv/image5938.JPG,nv,nv,0.711
./images/nv/image2704.JPG,nv,nv,0.9989
./images/mel/image6578.JPG,mel,mel,0.6893
./images/nv/image3410.JPG,nv,nv,0.7659
./images/nv/image4374.JPG,nv,nv,0.4437
./images/nv/image2024.JPG,nv,bcc,0.282
./images/nv/image7803.JPG,nv,nv,0.9955
./images/nv/image1896.JPG,nv,nv,0.9979
./images/nv/image1545.JPG,nv,nv,0.987
./images/nv/image5493.JPG,nv,nv,0.9727
./images/nv/image899.JPG,nv,nv,0.9992
./images/nv/image430.JPG,nv,nv,0.994
./images/nv/image4210.JPG,nv,nv,0.9996
./images/nv/image953.JPG,nv,nv,0.9989
./images/nv/image5568.JPG,nv,nv,0.9995
./images/nv/image1732.JPG,nv,bcc,0.4689
./images/nv/image6174.JPG,nv,nv,0.5458
./images/bkl/image2470.JPG,bkl,bkl,0.6725
./images/nv/image5932.JPG,nv,nv,0.9846
./images/mel/image1012.JPG,mel,nv,0.2989
./images/nv/image3185.JPG,nv,mel,0.3257
./images/mel/image5257.JPG,mel,bcc,0.4704
./images/akiec/image4963.JPG,akiec,nv,0.461
./images/bkl/image8458.JPG,bkl,nv,0.4994
./images/bkl/image9086.JPG,bkl,bkl,0.3313
./images/nv/image6277.JPG,nv,nv,0.8955
./images/nv/image8303.JPG,nv,bkl,0.4142
./images/bkl/image7514.JPG,bkl,bkl,0.3506
./images/nv/image2651.JPG,nv,nv,0.9067
./images/nv/image1206.JPG,nv,mel,0.4743
./images/bcc/image2382.JPG,bcc,bkl,0.2717
./images/mel/image3980.JPG,mel,mel,0.3396
./images/nv/image5033.JPG,nv,nv,0.9898
./images/nv/image4886.JPG,nv,nv,0.8573
./images/nv/image4649.JPG,nv,nv,0.9941
./images/nv/image9816.JPG,nv,nv,0.8994
./images/nv/image9104.JPG,nv,nv,0.9785
./images/vasc/image1619.JPG,vasc,nv,0.8392
./images/bcc/image1849.JPG,bcc,nv,0.2049
./images/nv/image8629.JPG,nv,bkl,0.8409
./images/nv/image381.JPG,nv,nv,0.9988
./images/nv/image719.JPG,nv,nv,0.9655
./images/mel/image2688.JPG,mel,nv,0.5437
./images/nv/image6271.JPG,nv,nv,0.9997
./images/bkl/image1505.JPG,bkl,nv,0.6983
./images/nv/image2298.JPG,nv,nv,0.9842
./images/nv/image4040.JPG,nv,nv,0.9997
./images/nv/image5708.JPG,nv,nv,0.9919
./images/nv/image3207.JPG,nv,nv,0.7746
./images/nv/image2740.JPG,nv,nv,0.3365
./images/nv/image7167.JPG,nv,nv,0.9995
./images/nv/image4066.JPG,nv,nv,0.8545
./images/mel/image9867.JPG,mel,nv,0.796
./images/bkl/image8644.JPG,bkl,nv,0.4992
./images/akiec/image1498.JPG,akiec,bkl,0.4376
./images/nv/image1163.JPG,nv,nv,0.9586
./images/bkl/image7865.JPG,bkl,nv,0.7822
./images/nv/image6008.JPG,nv,nv,0.7124
./images/nv/image3824.JPG,nv,nv,0.9988
./images/nv/image1936.JPG,nv,nv,0.997
./images/bkl/image9608.JPG,bkl,bkl,0.5891
./images/nv/image4764.JPG,nv,nv,0.9995
./images/bcc/image3780.JPG,bcc,bcc,0.492
./images/nv/image034.JPG,nv,nv,0.9988
./images/nv/image6323.JPG,nv,nv,0.9894
./images/akiec/image7849.JPG,akiec,nv,0.757
./images/bcc/image3661.JPG,bcc,bcc,0.6682
./images/nv/image7602.JPG,nv,nv,0.899
./images/nv/image384.JPG,nv,nv,0.9997
./images/nv/image8580.JPG,nv,nv,0.9491
./images/mel/image7610.JPG,mel,nv,0.448
./images/nv/image074.JPG,nv,nv,0.5083
./images/mel/image2821.JPG,mel,nv,0.6523
./images/nv/image3759.JPG,nv,nv,0.9993
./images/nv/image6424.JPG,nv,nv,0.6848
./images/nv/image858.JPG,nv,nv,0.9996
./images/nv/image6644.JPG,nv,nv,0.9998
./images/nv/image9992.JPG,nv,nv,0.8863
./images/nv/image4039.JPG,nv,nv,0.9631
./images/nv/image6943.JPG,nv,nv,0.998
./images/bcc/image3417.JPG,bcc,bcc,0.3743
./images/nv/image7216.JPG,nv,nv,0.7427
./images/nv/image837.JPG,nv,nv,0.9958
./images/nv/image6275.JPG,nv,nv,0.4506
./images/nv/image9528.JPG,nv,nv,0.6305
./images/nv/image7963.JPG,nv,nv,0.7084
./images/bkl/image4071.JPG,bkl,bkl,0.5955
./images/mel/image4215.JPG,mel,nv,0.7977
./images/nv/image1328.JPG,nv,nv,0.8958
./images/nv/image2984.JPG,nv,nv,0.9594
./images/vasc/image3632.JPG,vasc,bcc,0.3805
./images/bkl/image078.JPG,bkl,nv,0.8951
./images/nv/image866.JPG,nv,nv,0.5817
./images/nv/image2323.JPG,nv,nv,0.9967
./images/nv/image4848.JPG,nv,nv,0.7994
./images/nv/image1310.JPG,nv,nv,0.9989
./images/bkl/image9388.JPG,bkl,nv,0.4763
./images/akiec/image2949.JPG,akiec,bcc,0.5221
./images/nv/image1841.JPG,nv,nv,0.9998
./images/bkl/image1453.JPG,bkl,nv,0.8989
./images/bkl/image5377.JPG,bkl,mel,0.7093
./images/nv/image6799.JPG,nv,nv,0.9911
./images/mel/image4858.JPG,mel,bkl,0.4365
./images/nv/image8984.JPG,nv,nv,0.6179
./images/nv/image6283.JPG,nv,mel,0.4157
./images/nv/image8184.JPG,nv,bkl,0.3374
./images/nv/image7948.JPG,nv,nv,0.6612
./images/nv/image7107.JPG,nv,nv,0.7101
./images/nv/image4804.JPG,nv,bkl,0.3368
./images/bcc/image980.JPG,bcc,bcc,0.4144
./images/nv/image910.JPG,nv,nv,0.9845
./images/nv/image4025.JPG,nv,nv,0.9681
./images/nv/image194.JPG,nv,nv,0.9897
./images/nv/image6285.JPG,nv,nv,0.9913
./images/bkl/image3896.JPG,bkl,bkl,0.6445
./images/nv/image2165.JPG,nv,nv,0.9865
./images/nv/image1712.JPG,nv,nv,0.7852
./images/nv/image2280.JPG,nv,nv,0.9966
./images/bkl/image4310.JPG,bkl,bkl,0.4163
./images/nv/image2515.JPG,nv,mel,0.5205
./images/mel/image9311.JPG,mel,nv,0.6974
./images/bkl/image6067.JPG,bkl,bcc,0.257
./images/nv/image3563.JPG,nv,nv,0.8737
./images/nv/image3696.JPG,nv,nv,0.999
./images/nv/image3037.JPG,nv,nv,0.9959
./images/nv/image1965.JPG,nv,nv,0.7851
./images/nv/image4677.JPG,nv,nv,0.7777
./images/nv/image7678.JPG,nv,nv,0.9872
./images/nv/image4740.JPG,nv,nv,0.906
./images/nv/image5163.JPG,nv,nv,0.9988
./images/mel/image6519.JPG,mel,mel,0.437
./images/akiec/image1709.JPG,akiec,nv,0.3631
./images/bkl/image9096.JPG,bkl,nv,0.6621
./images/mel/image9979.JPG,mel,mel,0.4337
./images/nv/image6973.JPG,nv,nv,0.5443
./images/nv/image4364.JPG,nv,nv,0.9993
./images/mel/image8733.JPG,mel,bkl,0.4921
./images/nv/image8207.JPG,nv,nv,0.6584
./images/mel/image9499.JPG,mel,nv,0.9342
./images/nv/image5102.JPG,nv,nv,0.9994
./images/nv/image5319.JPG,nv,nv,0.9864
./images/nv/image354.JPG,nv,nv,0.993
./images/nv/image851.JPG,nv,mel,0.3996
./images/nv/image6554.JPG,nv,nv,0.9101
./images/bcc/image368.JPG,bcc,bcc,0.4911
./images/mel/image7072.JPG,mel,nv,0.5362
./images/bkl/image3668.JPG,bkl,bkl,0.6889
./images/nv/image5959.JPG,nv,nv,0.8984
./images/mel/image5653.JPG,mel,bkl,0.7179
./images/mel/image2497.JPG,mel,nv,0.8157
./images/nv/image4150.JPG,nv,nv,1.0
./images/nv/image8770.JPG,nv,nv,0.9564
./images/nv/image337.JPG,nv,nv,0.9685
./images/nv/image1497.JPG,nv,nv,0.9996
./images/akiec/image3497.JPG,akiec,bkl,0.2585
./images/nv/image7166.JPG,nv,nv,0.9945
./images/nv/image9692.JPG,nv,nv,0.9014
./images/nv/image9715.JPG,nv,nv,0.8125
./images/nv/image9293.JPG,nv,nv,0.9085
./images/nv/image6532.JPG,nv,nv,0.9413
./images/akiec/image5853.JPG,akiec,akiec,0.413
./images/mel/image3804.JPG,mel,nv,0.9325
./images/nv/image3737.JPG,nv,nv,0.8227
./images/nv/image1661.JPG,nv,nv,0.8963
./images/nv/image221.JPG,nv,nv,0.9955
./images/nv/image2521.JPG,nv,nv,0.9652
./images/nv/image5741.JPG,nv,nv,0.9967
./images/nv/image3831.JPG,nv,nv,0.7208
./images/nv/image6717.JPG,nv,nv,0.9979
./images/mel/image6493.JPG,mel,mel,0.407
./images/bkl/image8468.JPG,bkl,mel,0.509
./images/nv/image5152.JPG,nv,nv,0.5354
./images/mel/image9265.JPG,mel,nv,0.5562
./images/nv/image1904.JPG,nv,mel,0.4857
./images/df/image9117.JPG,df,bkl,0.4789
./images/nv/image7139.JPG,nv,nv,0.9977
./images/nv/image1435.JPG,nv,nv,0.9894
./images/nv/image298.JPG,nv,nv,0.9994
./images/nv/image3555.JPG,nv,nv,0.9826
./images/bkl/image5003.JPG,bkl,bkl,0.4157
./images/nv/image3162.JPG,nv,nv,0.9972
./images/bkl/image8907.JPG,bkl,nv,0.6057
./images/nv/image7049.JPG,nv,nv,0.7959
./images/nv/image8626.JPG,nv,nv,0.6834
./images/nv/image7606.JPG,nv,nv,0.8036
./images/mel/image2342.JPG,mel,nv,0.4627
./images/nv/image8892.JPG,nv,nv,0.7379
./images/nv/image3612.JPG,nv,nv,0.8207
./images/nv/image6541.JPG,nv,nv,0.9992
./images/bkl/image307.JPG,bkl,nv,0.8066
./images/vasc/image7401.JPG,vasc,nv,0.312
